Image path,Image name,Label,Height,Weight
fruit_dataset\apple\Apple_1.jpg,Apple_1.jpg,apple,224,224
fruit_dataset\apple\Apple_10.jpg,Apple_10.jpg,apple,224,224
fruit_dataset\apple\Apple_100.jpg,Apple_100.jpg,apple,224,224
fruit_dataset\apple\Apple_1000.jpg,Apple_1000.jpg,apple,224,224
fruit_dataset\apple\Apple_1001.jpg,Apple_1001.jpg,apple,224,224
fruit_dataset\apple\Apple_1002.jpg,Apple_1002.jpg,apple,224,224
fruit_dataset\apple\Apple_1003.jpg,Apple_1003.jpg,apple,224,224
fruit_dataset\apple\Apple_1004.jpg,Apple_1004.jpg,apple,224,224
fruit_dataset\apple\Apple_1005.jpg,Apple_1005.jpg,apple,224,224
fruit_dataset\apple\Apple_1006.jpg,Apple_1006.jpg,apple,224,224
fruit_dataset\apple\Apple_1007.jpg,Apple_1007.jpg,apple,224,224
fruit_dataset\apple\Apple_1008.jpg,Apple_1008.jpg,apple,224,224
fruit_dataset\apple\Apple_1009.jpg,Apple_1009.jpg,apple,224,224
fruit_dataset\apple\Apple_101.jpg,Apple_101.jpg,apple,224,224
fruit_dataset\apple\Apple_1010.jpg,Apple_1010.jpg,apple,224,224
fruit_dataset\apple\Apple_1011.jpg,Apple_1011.jpg,apple,224,224
fruit_dataset\apple\Apple_1012.jpg,Apple_1012.jpg,apple,224,224
fruit_dataset\apple\Apple_1013.jpg,Apple_1013.jpg,apple,224,224
fruit_dataset\apple\Apple_1014.jpg,Apple_1014.jpg,apple,224,224
fruit_dataset\apple\Apple_1015.jpg,Apple_1015.jpg,apple,224,224
fruit_dataset\apple\Apple_1016.jpg,Apple_1016.jpg,apple,224,224
fruit_dataset\apple\Apple_1017.jpg,Apple_1017.jpg,apple,224,224
fruit_dataset\apple\Apple_1018.jpg,Apple_1018.jpg,apple,224,224
fruit_dataset\apple\Apple_1019.jpg,Apple_1019.jpg,apple,224,224
fruit_dataset\apple\Apple_102.jpg,Apple_102.jpg,apple,224,224
fruit_dataset\apple\Apple_1020.jpg,Apple_1020.jpg,apple,224,224
fruit_dataset\apple\Apple_1021.jpg,Apple_1021.jpg,apple,224,224
fruit_dataset\apple\Apple_1022.jpg,Apple_1022.jpg,apple,224,224
fruit_dataset\apple\Apple_1023.jpg,Apple_1023.jpg,apple,224,224
fruit_dataset\apple\Apple_1024.jpg,Apple_1024.jpg,apple,224,224
fruit_dataset\apple\Apple_1025.jpg,Apple_1025.jpg,apple,224,224
fruit_dataset\apple\Apple_1026.jpg,Apple_1026.jpg,apple,224,224
fruit_dataset\apple\Apple_1027.jpg,Apple_1027.jpg,apple,224,224
fruit_dataset\apple\Apple_1028.jpg,Apple_1028.jpg,apple,224,224
fruit_dataset\apple\Apple_1029.jpg,Apple_1029.jpg,apple,224,224
fruit_dataset\apple\Apple_103.jpg,Apple_103.jpg,apple,224,224
fruit_dataset\apple\Apple_1030.jpg,Apple_1030.jpg,apple,224,224
fruit_dataset\apple\Apple_1031.jpg,Apple_1031.jpg,apple,224,224
fruit_dataset\apple\Apple_1032.jpg,Apple_1032.jpg,apple,224,224
fruit_dataset\apple\Apple_1033.jpg,Apple_1033.jpg,apple,224,224
fruit_dataset\apple\Apple_1034.jpg,Apple_1034.jpg,apple,224,224
fruit_dataset\apple\Apple_1035.jpg,Apple_1035.jpg,apple,224,224
fruit_dataset\apple\Apple_1036.jpg,Apple_1036.jpg,apple,224,224
fruit_dataset\apple\Apple_1037.jpg,Apple_1037.jpg,apple,224,224
fruit_dataset\apple\Apple_1038.jpg,Apple_1038.jpg,apple,224,224
fruit_dataset\apple\Apple_1039.jpg,Apple_1039.jpg,apple,224,224
fruit_dataset\apple\Apple_104.png,Apple_104.png,apple,224,224
fruit_dataset\apple\Apple_1040.jpg,Apple_1040.jpg,apple,224,224
fruit_dataset\apple\Apple_1041.jpg,Apple_1041.jpg,apple,224,224
fruit_dataset\apple\Apple_1042.jpg,Apple_1042.jpg,apple,224,224
fruit_dataset\apple\Apple_1043.jpg,Apple_1043.jpg,apple,224,224
fruit_dataset\apple\Apple_1044.jpg,Apple_1044.jpg,apple,224,224
fruit_dataset\apple\Apple_1045.jpg,Apple_1045.jpg,apple,224,224
fruit_dataset\apple\Apple_1046.jpg,Apple_1046.jpg,apple,224,224
fruit_dataset\apple\Apple_1047.jpg,Apple_1047.jpg,apple,224,224
fruit_dataset\apple\Apple_1048.jpg,Apple_1048.jpg,apple,224,224
fruit_dataset\apple\Apple_1049.jpg,Apple_1049.jpg,apple,224,224
fruit_dataset\apple\Apple_105.png,Apple_105.png,apple,224,224
fruit_dataset\apple\Apple_1050.jpg,Apple_1050.jpg,apple,224,224
fruit_dataset\apple\Apple_1051.jpg,Apple_1051.jpg,apple,224,224
fruit_dataset\apple\Apple_1052.jpg,Apple_1052.jpg,apple,224,224
fruit_dataset\apple\Apple_1053.jpg,Apple_1053.jpg,apple,224,224
fruit_dataset\apple\Apple_1054.jpg,Apple_1054.jpg,apple,224,224
fruit_dataset\apple\Apple_1055.jpg,Apple_1055.jpg,apple,224,224
fruit_dataset\apple\Apple_1056.jpg,Apple_1056.jpg,apple,224,224
fruit_dataset\apple\Apple_1057.jpg,Apple_1057.jpg,apple,224,224
fruit_dataset\apple\Apple_1058.jpg,Apple_1058.jpg,apple,224,224
fruit_dataset\apple\Apple_1059.jpg,Apple_1059.jpg,apple,224,224
fruit_dataset\apple\Apple_106.jpg,Apple_106.jpg,apple,224,224
fruit_dataset\apple\Apple_1060.jpg,Apple_1060.jpg,apple,224,224
fruit_dataset\apple\Apple_1061.jpg,Apple_1061.jpg,apple,224,224
fruit_dataset\apple\Apple_1062.jpg,Apple_1062.jpg,apple,224,224
fruit_dataset\apple\Apple_1063.jpg,Apple_1063.jpg,apple,224,224
fruit_dataset\apple\Apple_1064.jpg,Apple_1064.jpg,apple,224,224
fruit_dataset\apple\Apple_1065.jpg,Apple_1065.jpg,apple,224,224
fruit_dataset\apple\Apple_1066.jpg,Apple_1066.jpg,apple,224,224
fruit_dataset\apple\Apple_1067.jpg,Apple_1067.jpg,apple,224,224
fruit_dataset\apple\Apple_1068.jpg,Apple_1068.jpg,apple,224,224
fruit_dataset\apple\Apple_1069.jpg,Apple_1069.jpg,apple,224,224
fruit_dataset\apple\Apple_107.jpg,Apple_107.jpg,apple,224,224
fruit_dataset\apple\Apple_1070.jpg,Apple_1070.jpg,apple,224,224
fruit_dataset\apple\Apple_1071.jpg,Apple_1071.jpg,apple,224,224
fruit_dataset\apple\Apple_1072.jpg,Apple_1072.jpg,apple,224,224
fruit_dataset\apple\Apple_1073.jpg,Apple_1073.jpg,apple,224,224
fruit_dataset\apple\Apple_1074.jpg,Apple_1074.jpg,apple,224,224
fruit_dataset\apple\Apple_1075.jpg,Apple_1075.jpg,apple,224,224
fruit_dataset\apple\Apple_1076.jpg,Apple_1076.jpg,apple,224,224
fruit_dataset\apple\Apple_1077.jpg,Apple_1077.jpg,apple,224,224
fruit_dataset\apple\Apple_1078.jpg,Apple_1078.jpg,apple,224,224
fruit_dataset\apple\Apple_1079.jpg,Apple_1079.jpg,apple,224,224
fruit_dataset\apple\Apple_108.jpg,Apple_108.jpg,apple,224,224
fruit_dataset\apple\Apple_1080.jpg,Apple_1080.jpg,apple,224,224
fruit_dataset\apple\Apple_1081.jpg,Apple_1081.jpg,apple,224,224
fruit_dataset\apple\Apple_1082.jpg,Apple_1082.jpg,apple,224,224
fruit_dataset\apple\Apple_1083.jpg,Apple_1083.jpg,apple,224,224
fruit_dataset\apple\Apple_1084.jpg,Apple_1084.jpg,apple,224,224
fruit_dataset\apple\Apple_1085.jpg,Apple_1085.jpg,apple,224,224
fruit_dataset\apple\Apple_1086.jpg,Apple_1086.jpg,apple,224,224
fruit_dataset\apple\Apple_1087.jpg,Apple_1087.jpg,apple,224,224
fruit_dataset\apple\Apple_1088.jpg,Apple_1088.jpg,apple,224,224
fruit_dataset\apple\Apple_1089.jpg,Apple_1089.jpg,apple,224,224
fruit_dataset\apple\Apple_109.jpg,Apple_109.jpg,apple,224,224
fruit_dataset\apple\Apple_1090.jpg,Apple_1090.jpg,apple,224,224
fruit_dataset\apple\Apple_1091.jpg,Apple_1091.jpg,apple,224,224
fruit_dataset\apple\Apple_1092.jpg,Apple_1092.jpg,apple,224,224
fruit_dataset\apple\Apple_1093.jpg,Apple_1093.jpg,apple,224,224
fruit_dataset\apple\Apple_1094.jpg,Apple_1094.jpg,apple,224,224
fruit_dataset\apple\Apple_1095.jpg,Apple_1095.jpg,apple,224,224
fruit_dataset\apple\Apple_1096.jpg,Apple_1096.jpg,apple,224,224
fruit_dataset\apple\Apple_1097.jpg,Apple_1097.jpg,apple,224,224
fruit_dataset\apple\Apple_1098.jpg,Apple_1098.jpg,apple,224,224
fruit_dataset\apple\Apple_1099.jpg,Apple_1099.jpg,apple,224,224
fruit_dataset\apple\Apple_11.jpg,Apple_11.jpg,apple,224,224
fruit_dataset\apple\Apple_110.jpg,Apple_110.jpg,apple,224,224
fruit_dataset\apple\Apple_1100.jpg,Apple_1100.jpg,apple,224,224
fruit_dataset\apple\Apple_1101.jpg,Apple_1101.jpg,apple,224,224
fruit_dataset\apple\Apple_1102.jpg,Apple_1102.jpg,apple,224,224
fruit_dataset\apple\Apple_1103.jpg,Apple_1103.jpg,apple,224,224
fruit_dataset\apple\Apple_1104.jpg,Apple_1104.jpg,apple,224,224
fruit_dataset\apple\Apple_1105.jpg,Apple_1105.jpg,apple,224,224
fruit_dataset\apple\Apple_1106.jpg,Apple_1106.jpg,apple,224,224
fruit_dataset\apple\Apple_1107.jpg,Apple_1107.jpg,apple,224,224
fruit_dataset\apple\Apple_1108.jpg,Apple_1108.jpg,apple,224,224
fruit_dataset\apple\Apple_1109.jpg,Apple_1109.jpg,apple,224,224
fruit_dataset\apple\Apple_111.jpg,Apple_111.jpg,apple,224,224
fruit_dataset\apple\Apple_1110.jpg,Apple_1110.jpg,apple,224,224
fruit_dataset\apple\Apple_1111.jpg,Apple_1111.jpg,apple,224,224
fruit_dataset\apple\Apple_1112.jpg,Apple_1112.jpg,apple,224,224
fruit_dataset\apple\Apple_1113.jpg,Apple_1113.jpg,apple,224,224
fruit_dataset\apple\Apple_1114.jpg,Apple_1114.jpg,apple,224,224
fruit_dataset\apple\Apple_1115.jpg,Apple_1115.jpg,apple,224,224
fruit_dataset\apple\Apple_1116.jpg,Apple_1116.jpg,apple,224,224
fruit_dataset\apple\Apple_1117.jpg,Apple_1117.jpg,apple,224,224
fruit_dataset\apple\Apple_1118.jpg,Apple_1118.jpg,apple,224,224
fruit_dataset\apple\Apple_1119.jpg,Apple_1119.jpg,apple,224,224
fruit_dataset\apple\Apple_112.jpg,Apple_112.jpg,apple,224,224
fruit_dataset\apple\Apple_1120.jpg,Apple_1120.jpg,apple,224,224
fruit_dataset\apple\Apple_1121.jpg,Apple_1121.jpg,apple,224,224
fruit_dataset\apple\Apple_1122.jpg,Apple_1122.jpg,apple,224,224
fruit_dataset\apple\Apple_1123.jpg,Apple_1123.jpg,apple,224,224
fruit_dataset\apple\Apple_1124.jpg,Apple_1124.jpg,apple,224,224
fruit_dataset\apple\Apple_1125.jpg,Apple_1125.jpg,apple,224,224
fruit_dataset\apple\Apple_1126.jpg,Apple_1126.jpg,apple,224,224
fruit_dataset\apple\Apple_1127.jpg,Apple_1127.jpg,apple,224,224
fruit_dataset\apple\Apple_1128.jpg,Apple_1128.jpg,apple,224,224
fruit_dataset\apple\Apple_1129.jpg,Apple_1129.jpg,apple,224,224
fruit_dataset\apple\Apple_113.jpg,Apple_113.jpg,apple,224,224
fruit_dataset\apple\Apple_1130.jpg,Apple_1130.jpg,apple,224,224
fruit_dataset\apple\Apple_1131.jpg,Apple_1131.jpg,apple,224,224
fruit_dataset\apple\Apple_1132.jpg,Apple_1132.jpg,apple,224,224
fruit_dataset\apple\Apple_1133.jpg,Apple_1133.jpg,apple,224,224
fruit_dataset\apple\Apple_1134.jpg,Apple_1134.jpg,apple,224,224
fruit_dataset\apple\Apple_1135.jpg,Apple_1135.jpg,apple,224,224
fruit_dataset\apple\Apple_1136.jpg,Apple_1136.jpg,apple,224,224
fruit_dataset\apple\Apple_1137.jpg,Apple_1137.jpg,apple,224,224
fruit_dataset\apple\Apple_1138.jpg,Apple_1138.jpg,apple,224,224
fruit_dataset\apple\Apple_1139.jpg,Apple_1139.jpg,apple,224,224
fruit_dataset\apple\Apple_114.jpg,Apple_114.jpg,apple,224,224
fruit_dataset\apple\Apple_1140.jpg,Apple_1140.jpg,apple,224,224
fruit_dataset\apple\Apple_1141.jpg,Apple_1141.jpg,apple,224,224
fruit_dataset\apple\Apple_1142.jpg,Apple_1142.jpg,apple,224,224
fruit_dataset\apple\Apple_1143.jpg,Apple_1143.jpg,apple,224,224
fruit_dataset\apple\Apple_1144.jpg,Apple_1144.jpg,apple,224,224
fruit_dataset\apple\Apple_1145.jpg,Apple_1145.jpg,apple,224,224
fruit_dataset\apple\Apple_1146.jpg,Apple_1146.jpg,apple,224,224
fruit_dataset\apple\Apple_1147.jpg,Apple_1147.jpg,apple,224,224
fruit_dataset\apple\Apple_1148.jpg,Apple_1148.jpg,apple,224,224
fruit_dataset\apple\Apple_1149.jpg,Apple_1149.jpg,apple,224,224
fruit_dataset\apple\Apple_115.jpg,Apple_115.jpg,apple,224,224
fruit_dataset\apple\Apple_1150.jpg,Apple_1150.jpg,apple,224,224
fruit_dataset\apple\Apple_1151.jpg,Apple_1151.jpg,apple,224,224
fruit_dataset\apple\Apple_1152.jpg,Apple_1152.jpg,apple,224,224
fruit_dataset\apple\Apple_1153.jpg,Apple_1153.jpg,apple,224,224
fruit_dataset\apple\Apple_1154.jpg,Apple_1154.jpg,apple,224,224
fruit_dataset\apple\Apple_1155.jpg,Apple_1155.jpg,apple,224,224
fruit_dataset\apple\Apple_1156.jpg,Apple_1156.jpg,apple,224,224
fruit_dataset\apple\Apple_1157.jpg,Apple_1157.jpg,apple,224,224
fruit_dataset\apple\Apple_1158.jpg,Apple_1158.jpg,apple,224,224
fruit_dataset\apple\Apple_1159.jpg,Apple_1159.jpg,apple,224,224
fruit_dataset\apple\Apple_116.jpg,Apple_116.jpg,apple,224,224
fruit_dataset\apple\Apple_1160.jpg,Apple_1160.jpg,apple,224,224
fruit_dataset\apple\Apple_1161.jpg,Apple_1161.jpg,apple,224,224
fruit_dataset\apple\Apple_1162.jpg,Apple_1162.jpg,apple,224,224
fruit_dataset\apple\Apple_1163.jpg,Apple_1163.jpg,apple,224,224
fruit_dataset\apple\Apple_1164.jpg,Apple_1164.jpg,apple,224,224
fruit_dataset\apple\Apple_1165.jpg,Apple_1165.jpg,apple,224,224
fruit_dataset\apple\Apple_1166.jpg,Apple_1166.jpg,apple,224,224
fruit_dataset\apple\Apple_1167.jpg,Apple_1167.jpg,apple,224,224
fruit_dataset\apple\Apple_1168.jpg,Apple_1168.jpg,apple,224,224
fruit_dataset\apple\Apple_1169.jpg,Apple_1169.jpg,apple,224,224
fruit_dataset\apple\Apple_117.jpg,Apple_117.jpg,apple,224,224
fruit_dataset\apple\Apple_1170.jpg,Apple_1170.jpg,apple,224,224
fruit_dataset\apple\Apple_1171.jpg,Apple_1171.jpg,apple,224,224
fruit_dataset\apple\Apple_1172.jpg,Apple_1172.jpg,apple,224,224
fruit_dataset\apple\Apple_1173.jpg,Apple_1173.jpg,apple,224,224
fruit_dataset\apple\Apple_1174.jpg,Apple_1174.jpg,apple,224,224
fruit_dataset\apple\Apple_1175.jpg,Apple_1175.jpg,apple,224,224
fruit_dataset\apple\Apple_1176.jpg,Apple_1176.jpg,apple,224,224
fruit_dataset\apple\Apple_1177.jpg,Apple_1177.jpg,apple,224,224
fruit_dataset\apple\Apple_1178.jpg,Apple_1178.jpg,apple,224,224
fruit_dataset\apple\Apple_1179.jpg,Apple_1179.jpg,apple,224,224
fruit_dataset\apple\Apple_118.jpg,Apple_118.jpg,apple,224,224
fruit_dataset\apple\Apple_1180.jpg,Apple_1180.jpg,apple,224,224
fruit_dataset\apple\Apple_1181.jpg,Apple_1181.jpg,apple,224,224
fruit_dataset\apple\Apple_1182.jpg,Apple_1182.jpg,apple,224,224
fruit_dataset\apple\Apple_1183.jpg,Apple_1183.jpg,apple,224,224
fruit_dataset\apple\Apple_1184.jpg,Apple_1184.jpg,apple,224,224
fruit_dataset\apple\Apple_1185.jpg,Apple_1185.jpg,apple,224,224
fruit_dataset\apple\Apple_1186.jpg,Apple_1186.jpg,apple,224,224
fruit_dataset\apple\Apple_1187.jpg,Apple_1187.jpg,apple,224,224
fruit_dataset\apple\Apple_1188.jpg,Apple_1188.jpg,apple,224,224
fruit_dataset\apple\Apple_1189.jpg,Apple_1189.jpg,apple,224,224
fruit_dataset\apple\Apple_119.jpg,Apple_119.jpg,apple,224,224
fruit_dataset\apple\Apple_1190.jpg,Apple_1190.jpg,apple,224,224
fruit_dataset\apple\Apple_1191.jpg,Apple_1191.jpg,apple,224,224
fruit_dataset\apple\Apple_1192.jpg,Apple_1192.jpg,apple,224,224
fruit_dataset\apple\Apple_1193.jpg,Apple_1193.jpg,apple,224,224
fruit_dataset\apple\Apple_1194.jpg,Apple_1194.jpg,apple,224,224
fruit_dataset\apple\Apple_1195.jpg,Apple_1195.jpg,apple,224,224
fruit_dataset\apple\Apple_1196.jpg,Apple_1196.jpg,apple,224,224
fruit_dataset\apple\Apple_1197.jpg,Apple_1197.jpg,apple,224,224
fruit_dataset\apple\Apple_1198.jpg,Apple_1198.jpg,apple,224,224
fruit_dataset\apple\Apple_1199.jpg,Apple_1199.jpg,apple,224,224
fruit_dataset\apple\Apple_12.jpg,Apple_12.jpg,apple,224,224
fruit_dataset\apple\Apple_120.jpg,Apple_120.jpg,apple,224,224
fruit_dataset\apple\Apple_1200.jpg,Apple_1200.jpg,apple,224,224
fruit_dataset\apple\Apple_1201.jpg,Apple_1201.jpg,apple,224,224
fruit_dataset\apple\Apple_1202.jpg,Apple_1202.jpg,apple,224,224
fruit_dataset\apple\Apple_1203.jpg,Apple_1203.jpg,apple,224,224
fruit_dataset\apple\Apple_1204.jpg,Apple_1204.jpg,apple,224,224
fruit_dataset\apple\Apple_1205.jpg,Apple_1205.jpg,apple,224,224
fruit_dataset\apple\Apple_1206.jpg,Apple_1206.jpg,apple,224,224
fruit_dataset\apple\Apple_1207.jpg,Apple_1207.jpg,apple,224,224
fruit_dataset\apple\Apple_1208.jpg,Apple_1208.jpg,apple,224,224
fruit_dataset\apple\Apple_1209.jpg,Apple_1209.jpg,apple,224,224
fruit_dataset\apple\Apple_121.jpg,Apple_121.jpg,apple,224,224
fruit_dataset\apple\Apple_1210.jpg,Apple_1210.jpg,apple,224,224
fruit_dataset\apple\Apple_1211.jpg,Apple_1211.jpg,apple,224,224
fruit_dataset\apple\Apple_1212.jpg,Apple_1212.jpg,apple,224,224
fruit_dataset\apple\Apple_1213.jpg,Apple_1213.jpg,apple,224,224
fruit_dataset\apple\Apple_1214.jpg,Apple_1214.jpg,apple,224,224
fruit_dataset\apple\Apple_1215.jpg,Apple_1215.jpg,apple,224,224
fruit_dataset\apple\Apple_1216.jpg,Apple_1216.jpg,apple,224,224
fruit_dataset\apple\Apple_1217.jpg,Apple_1217.jpg,apple,224,224
fruit_dataset\apple\Apple_1218.jpg,Apple_1218.jpg,apple,224,224
fruit_dataset\apple\Apple_1219.jpg,Apple_1219.jpg,apple,224,224
fruit_dataset\apple\Apple_122.jpg,Apple_122.jpg,apple,224,224
fruit_dataset\apple\Apple_1220.jpg,Apple_1220.jpg,apple,224,224
fruit_dataset\apple\Apple_1221.jpg,Apple_1221.jpg,apple,224,224
fruit_dataset\apple\Apple_1222.jpg,Apple_1222.jpg,apple,224,224
fruit_dataset\apple\Apple_1223.jpg,Apple_1223.jpg,apple,224,224
fruit_dataset\apple\Apple_1224.jpg,Apple_1224.jpg,apple,224,224
fruit_dataset\apple\Apple_1225.jpg,Apple_1225.jpg,apple,224,224
fruit_dataset\apple\Apple_1226.jpg,Apple_1226.jpg,apple,224,224
fruit_dataset\apple\Apple_1227.jpg,Apple_1227.jpg,apple,224,224
fruit_dataset\apple\Apple_1228.jpg,Apple_1228.jpg,apple,224,224
fruit_dataset\apple\Apple_1229.jpg,Apple_1229.jpg,apple,224,224
fruit_dataset\apple\Apple_123.jpg,Apple_123.jpg,apple,224,224
fruit_dataset\apple\Apple_1230.jpg,Apple_1230.jpg,apple,224,224
fruit_dataset\apple\Apple_1231.jpg,Apple_1231.jpg,apple,224,224
fruit_dataset\apple\Apple_1232.jpg,Apple_1232.jpg,apple,224,224
fruit_dataset\apple\Apple_1233.jpg,Apple_1233.jpg,apple,224,224
fruit_dataset\apple\Apple_1234.jpg,Apple_1234.jpg,apple,224,224
fruit_dataset\apple\Apple_1235.jpg,Apple_1235.jpg,apple,224,224
fruit_dataset\apple\Apple_1236.jpg,Apple_1236.jpg,apple,224,224
fruit_dataset\apple\Apple_1237.jpg,Apple_1237.jpg,apple,224,224
fruit_dataset\apple\Apple_1238.jpg,Apple_1238.jpg,apple,224,224
fruit_dataset\apple\Apple_1239.jpg,Apple_1239.jpg,apple,224,224
fruit_dataset\apple\Apple_124.jpeg,Apple_124.jpeg,apple,224,224
fruit_dataset\apple\Apple_1240.jpg,Apple_1240.jpg,apple,224,224
fruit_dataset\apple\Apple_1241.jpg,Apple_1241.jpg,apple,224,224
fruit_dataset\apple\Apple_1242.jpg,Apple_1242.jpg,apple,224,224
fruit_dataset\apple\Apple_1243.jpg,Apple_1243.jpg,apple,224,224
fruit_dataset\apple\Apple_1244.jpg,Apple_1244.jpg,apple,224,224
fruit_dataset\apple\Apple_1245.jpg,Apple_1245.jpg,apple,224,224
fruit_dataset\apple\Apple_1246.jpg,Apple_1246.jpg,apple,224,224
fruit_dataset\apple\Apple_1247.jpg,Apple_1247.jpg,apple,224,224
fruit_dataset\apple\Apple_1248.jpg,Apple_1248.jpg,apple,224,224
fruit_dataset\apple\Apple_1249.jpg,Apple_1249.jpg,apple,224,224
fruit_dataset\apple\Apple_125.jpg,Apple_125.jpg,apple,224,224
fruit_dataset\apple\Apple_1250.jpg,Apple_1250.jpg,apple,224,224
fruit_dataset\apple\Apple_1251.jpg,Apple_1251.jpg,apple,224,224
fruit_dataset\apple\Apple_1252.jpg,Apple_1252.jpg,apple,224,224
fruit_dataset\apple\Apple_1253.jpg,Apple_1253.jpg,apple,224,224
fruit_dataset\apple\Apple_1254.jpg,Apple_1254.jpg,apple,224,224
fruit_dataset\apple\Apple_1255.jpg,Apple_1255.jpg,apple,224,224
fruit_dataset\apple\Apple_1256.jpg,Apple_1256.jpg,apple,224,224
fruit_dataset\apple\Apple_1257.jpg,Apple_1257.jpg,apple,224,224
fruit_dataset\apple\Apple_1258.jpg,Apple_1258.jpg,apple,224,224
fruit_dataset\apple\Apple_1259.jpg,Apple_1259.jpg,apple,224,224
fruit_dataset\apple\Apple_126.jpg,Apple_126.jpg,apple,224,224
fruit_dataset\apple\Apple_1260.jpg,Apple_1260.jpg,apple,224,224
fruit_dataset\apple\Apple_1261.jpg,Apple_1261.jpg,apple,224,224
fruit_dataset\apple\Apple_1262.jpg,Apple_1262.jpg,apple,224,224
fruit_dataset\apple\Apple_1263.jpg,Apple_1263.jpg,apple,224,224
fruit_dataset\apple\Apple_1264.jpg,Apple_1264.jpg,apple,224,224
fruit_dataset\apple\Apple_1265.jpg,Apple_1265.jpg,apple,224,224
fruit_dataset\apple\Apple_1266.jpg,Apple_1266.jpg,apple,224,224
fruit_dataset\apple\Apple_1267.jpg,Apple_1267.jpg,apple,224,224
fruit_dataset\apple\Apple_1268.jpg,Apple_1268.jpg,apple,224,224
fruit_dataset\apple\Apple_1269.jpg,Apple_1269.jpg,apple,224,224
fruit_dataset\apple\Apple_127.jpg,Apple_127.jpg,apple,224,224
fruit_dataset\apple\Apple_1270.jpg,Apple_1270.jpg,apple,224,224
fruit_dataset\apple\Apple_1271.jpg,Apple_1271.jpg,apple,224,224
fruit_dataset\apple\Apple_1272.jpg,Apple_1272.jpg,apple,224,224
fruit_dataset\apple\Apple_1273.jpg,Apple_1273.jpg,apple,224,224
fruit_dataset\apple\Apple_1274.jpg,Apple_1274.jpg,apple,224,224
fruit_dataset\apple\Apple_1275.jpg,Apple_1275.jpg,apple,224,224
fruit_dataset\apple\Apple_1276.jpg,Apple_1276.jpg,apple,224,224
fruit_dataset\apple\Apple_1277.jpg,Apple_1277.jpg,apple,224,224
fruit_dataset\apple\Apple_1278.jpg,Apple_1278.jpg,apple,224,224
fruit_dataset\apple\Apple_1279.jpg,Apple_1279.jpg,apple,224,224
fruit_dataset\apple\Apple_128.jpg,Apple_128.jpg,apple,224,224
fruit_dataset\apple\Apple_1280.jpg,Apple_1280.jpg,apple,224,224
fruit_dataset\apple\Apple_1281.jpg,Apple_1281.jpg,apple,224,224
fruit_dataset\apple\Apple_1282.jpg,Apple_1282.jpg,apple,224,224
fruit_dataset\apple\Apple_1283.jpg,Apple_1283.jpg,apple,224,224
fruit_dataset\apple\Apple_1284.jpg,Apple_1284.jpg,apple,224,224
fruit_dataset\apple\Apple_1285.jpg,Apple_1285.jpg,apple,224,224
fruit_dataset\apple\Apple_1286.jpg,Apple_1286.jpg,apple,224,224
fruit_dataset\apple\Apple_1287.jpg,Apple_1287.jpg,apple,224,224
fruit_dataset\apple\Apple_1288.jpg,Apple_1288.jpg,apple,224,224
fruit_dataset\apple\Apple_1289.jpg,Apple_1289.jpg,apple,224,224
fruit_dataset\apple\Apple_129.jpg,Apple_129.jpg,apple,224,224
fruit_dataset\apple\Apple_1290.jpg,Apple_1290.jpg,apple,224,224
fruit_dataset\apple\Apple_1291.jpg,Apple_1291.jpg,apple,224,224
fruit_dataset\apple\Apple_1292.jpg,Apple_1292.jpg,apple,224,224
fruit_dataset\apple\Apple_1293.jpg,Apple_1293.jpg,apple,224,224
fruit_dataset\apple\Apple_1294.jpg,Apple_1294.jpg,apple,224,224
fruit_dataset\apple\Apple_1295.jpg,Apple_1295.jpg,apple,224,224
fruit_dataset\apple\Apple_1296.jpg,Apple_1296.jpg,apple,224,224
fruit_dataset\apple\Apple_1297.jpg,Apple_1297.jpg,apple,224,224
fruit_dataset\apple\Apple_1298.jpg,Apple_1298.jpg,apple,224,224
fruit_dataset\apple\Apple_1299.jpg,Apple_1299.jpg,apple,224,224
fruit_dataset\apple\Apple_13.jpg,Apple_13.jpg,apple,224,224
fruit_dataset\apple\Apple_130.jpg,Apple_130.jpg,apple,224,224
fruit_dataset\apple\Apple_1300.jpg,Apple_1300.jpg,apple,224,224
fruit_dataset\apple\Apple_1301.jpg,Apple_1301.jpg,apple,224,224
fruit_dataset\apple\Apple_1302.jpg,Apple_1302.jpg,apple,224,224
fruit_dataset\apple\Apple_1303.jpg,Apple_1303.jpg,apple,224,224
fruit_dataset\apple\Apple_1304.jpg,Apple_1304.jpg,apple,224,224
fruit_dataset\apple\Apple_1305.jpg,Apple_1305.jpg,apple,224,224
fruit_dataset\apple\Apple_1306.jpg,Apple_1306.jpg,apple,224,224
fruit_dataset\apple\Apple_1307.jpg,Apple_1307.jpg,apple,224,224
fruit_dataset\apple\Apple_1308.jpg,Apple_1308.jpg,apple,224,224
fruit_dataset\apple\Apple_1309.jpg,Apple_1309.jpg,apple,224,224
fruit_dataset\apple\Apple_131.jpg,Apple_131.jpg,apple,224,224
fruit_dataset\apple\Apple_1310.jpg,Apple_1310.jpg,apple,224,224
fruit_dataset\apple\Apple_1311.jpg,Apple_1311.jpg,apple,224,224
fruit_dataset\apple\Apple_1312.jpg,Apple_1312.jpg,apple,224,224
fruit_dataset\apple\Apple_1313.jpg,Apple_1313.jpg,apple,224,224
fruit_dataset\apple\Apple_1314.jpg,Apple_1314.jpg,apple,224,224
fruit_dataset\apple\Apple_1315.jpg,Apple_1315.jpg,apple,224,224
fruit_dataset\apple\Apple_1316.jpg,Apple_1316.jpg,apple,224,224
fruit_dataset\apple\Apple_1317.jpg,Apple_1317.jpg,apple,224,224
fruit_dataset\apple\Apple_1318.jpg,Apple_1318.jpg,apple,224,224
fruit_dataset\apple\Apple_1319.jpg,Apple_1319.jpg,apple,224,224
fruit_dataset\apple\Apple_132.jpg,Apple_132.jpg,apple,224,224
fruit_dataset\apple\Apple_1320.jpg,Apple_1320.jpg,apple,224,224
fruit_dataset\apple\Apple_1321.jpg,Apple_1321.jpg,apple,224,224
fruit_dataset\apple\Apple_1322.png,Apple_1322.png,apple,224,224
fruit_dataset\apple\Apple_1323.jpg,Apple_1323.jpg,apple,224,224
fruit_dataset\apple\Apple_1324.jpg,Apple_1324.jpg,apple,224,224
fruit_dataset\apple\Apple_1325.jpg,Apple_1325.jpg,apple,224,224
fruit_dataset\apple\Apple_1326.jpg,Apple_1326.jpg,apple,224,224
fruit_dataset\apple\Apple_1327.jpeg,Apple_1327.jpeg,apple,224,224
fruit_dataset\apple\Apple_1328.jpeg,Apple_1328.jpeg,apple,224,224
fruit_dataset\apple\Apple_1329.jpg,Apple_1329.jpg,apple,224,224
fruit_dataset\apple\Apple_133.jpg,Apple_133.jpg,apple,224,224
fruit_dataset\apple\Apple_1330.jpg,Apple_1330.jpg,apple,224,224
fruit_dataset\apple\Apple_1331.jpg,Apple_1331.jpg,apple,224,224
fruit_dataset\apple\Apple_1332.jpeg,Apple_1332.jpeg,apple,224,224
fruit_dataset\apple\Apple_1333.jpg,Apple_1333.jpg,apple,224,224
fruit_dataset\apple\Apple_1334.jpg,Apple_1334.jpg,apple,224,224
fruit_dataset\apple\Apple_1335.jpg,Apple_1335.jpg,apple,224,224
fruit_dataset\apple\Apple_1336.jpg,Apple_1336.jpg,apple,224,224
fruit_dataset\apple\Apple_1337.jpg,Apple_1337.jpg,apple,224,224
fruit_dataset\apple\Apple_1338.jpg,Apple_1338.jpg,apple,224,224
fruit_dataset\apple\Apple_1339.png,Apple_1339.png,apple,224,224
fruit_dataset\apple\Apple_134.jpg,Apple_134.jpg,apple,224,224
fruit_dataset\apple\Apple_1340.jpg,Apple_1340.jpg,apple,224,224
fruit_dataset\apple\Apple_1341.jpg,Apple_1341.jpg,apple,224,224
fruit_dataset\apple\Apple_1342.jpg,Apple_1342.jpg,apple,224,224
fruit_dataset\apple\Apple_1343.jpg,Apple_1343.jpg,apple,224,224
fruit_dataset\apple\Apple_1344.jpg,Apple_1344.jpg,apple,224,224
fruit_dataset\apple\Apple_1345.jpg,Apple_1345.jpg,apple,224,224
fruit_dataset\apple\Apple_1346.jpg,Apple_1346.jpg,apple,224,224
fruit_dataset\apple\Apple_1347.jpg,Apple_1347.jpg,apple,224,224
fruit_dataset\apple\Apple_1348.jpg,Apple_1348.jpg,apple,224,224
fruit_dataset\apple\Apple_1349.jpg,Apple_1349.jpg,apple,224,224
fruit_dataset\apple\Apple_135.jpg,Apple_135.jpg,apple,224,224
fruit_dataset\apple\Apple_1350.jpg,Apple_1350.jpg,apple,224,224
fruit_dataset\apple\Apple_1351.jpg,Apple_1351.jpg,apple,224,224
fruit_dataset\apple\Apple_1352.jpg,Apple_1352.jpg,apple,224,224
fruit_dataset\apple\Apple_1353.jpg,Apple_1353.jpg,apple,224,224
fruit_dataset\apple\Apple_1354.jpg,Apple_1354.jpg,apple,224,224
fruit_dataset\apple\Apple_1355.jpg,Apple_1355.jpg,apple,224,224
fruit_dataset\apple\Apple_1356.jpg,Apple_1356.jpg,apple,224,224
fruit_dataset\apple\Apple_1357.jpg,Apple_1357.jpg,apple,224,224
fruit_dataset\apple\Apple_1358.jpg,Apple_1358.jpg,apple,224,224
fruit_dataset\apple\Apple_1359.jpg,Apple_1359.jpg,apple,224,224
fruit_dataset\apple\Apple_136.jpg,Apple_136.jpg,apple,224,224
fruit_dataset\apple\Apple_1360.jpg,Apple_1360.jpg,apple,224,224
fruit_dataset\apple\Apple_1361.jpg,Apple_1361.jpg,apple,224,224
fruit_dataset\apple\Apple_1362.jpg,Apple_1362.jpg,apple,224,224
fruit_dataset\apple\Apple_1363.jpg,Apple_1363.jpg,apple,224,224
fruit_dataset\apple\Apple_1364.jpg,Apple_1364.jpg,apple,224,224
fruit_dataset\apple\Apple_1365.png,Apple_1365.png,apple,224,224
fruit_dataset\apple\Apple_1366.jpg,Apple_1366.jpg,apple,224,224
fruit_dataset\apple\Apple_1367.jpg,Apple_1367.jpg,apple,224,224
fruit_dataset\apple\Apple_1368.jpg,Apple_1368.jpg,apple,224,224
fruit_dataset\apple\Apple_1369.jpg,Apple_1369.jpg,apple,224,224
fruit_dataset\apple\Apple_137.png,Apple_137.png,apple,224,224
fruit_dataset\apple\Apple_1370.jpg,Apple_1370.jpg,apple,224,224
fruit_dataset\apple\Apple_1371.jpg,Apple_1371.jpg,apple,224,224
fruit_dataset\apple\Apple_1372.jpg,Apple_1372.jpg,apple,224,224
fruit_dataset\apple\Apple_1373.jpg,Apple_1373.jpg,apple,224,224
fruit_dataset\apple\Apple_1374.jpg,Apple_1374.jpg,apple,224,224
fruit_dataset\apple\Apple_1375.jpeg,Apple_1375.jpeg,apple,224,224
fruit_dataset\apple\Apple_1376.jpg,Apple_1376.jpg,apple,224,224
fruit_dataset\apple\Apple_1377.jpg,Apple_1377.jpg,apple,224,224
fruit_dataset\apple\Apple_1378.jpg,Apple_1378.jpg,apple,224,224
fruit_dataset\apple\Apple_1379.jpg,Apple_1379.jpg,apple,224,224
fruit_dataset\apple\Apple_138.jpg,Apple_138.jpg,apple,224,224
fruit_dataset\apple\Apple_1380.jpg,Apple_1380.jpg,apple,224,224
fruit_dataset\apple\Apple_1381.jpg,Apple_1381.jpg,apple,224,224
fruit_dataset\apple\Apple_1382.jpg,Apple_1382.jpg,apple,224,224
fruit_dataset\apple\Apple_1383.jpg,Apple_1383.jpg,apple,224,224
fruit_dataset\apple\Apple_1384.jpg,Apple_1384.jpg,apple,224,224
fruit_dataset\apple\Apple_1385.jpg,Apple_1385.jpg,apple,224,224
fruit_dataset\apple\Apple_1386.jpg,Apple_1386.jpg,apple,224,224
fruit_dataset\apple\Apple_1387.jpg,Apple_1387.jpg,apple,224,224
fruit_dataset\apple\Apple_1388.jpg,Apple_1388.jpg,apple,224,224
fruit_dataset\apple\Apple_1389.jpg,Apple_1389.jpg,apple,224,224
fruit_dataset\apple\Apple_139.jpg,Apple_139.jpg,apple,224,224
fruit_dataset\apple\Apple_1390.jpg,Apple_1390.jpg,apple,224,224
fruit_dataset\apple\Apple_1391.png,Apple_1391.png,apple,224,224
fruit_dataset\apple\Apple_1392.jpg,Apple_1392.jpg,apple,224,224
fruit_dataset\apple\Apple_1393.jpg,Apple_1393.jpg,apple,224,224
fruit_dataset\apple\Apple_1394.jpg,Apple_1394.jpg,apple,224,224
fruit_dataset\apple\Apple_1395.jpg,Apple_1395.jpg,apple,224,224
fruit_dataset\apple\Apple_1396.jpg,Apple_1396.jpg,apple,224,224
fruit_dataset\apple\Apple_1397.jpg,Apple_1397.jpg,apple,224,224
fruit_dataset\apple\Apple_1398.jpg,Apple_1398.jpg,apple,224,224
fruit_dataset\apple\Apple_1399.jpg,Apple_1399.jpg,apple,224,224
fruit_dataset\apple\Apple_14.jpg,Apple_14.jpg,apple,224,224
fruit_dataset\apple\Apple_140.jpg,Apple_140.jpg,apple,224,224
fruit_dataset\apple\Apple_1400.jpg,Apple_1400.jpg,apple,224,224
fruit_dataset\apple\Apple_1401.jpg,Apple_1401.jpg,apple,224,224
fruit_dataset\apple\Apple_1402.jpg,Apple_1402.jpg,apple,224,224
fruit_dataset\apple\Apple_1403.jpg,Apple_1403.jpg,apple,224,224
fruit_dataset\apple\Apple_1404.jpg,Apple_1404.jpg,apple,224,224
fruit_dataset\apple\Apple_1405.jpg,Apple_1405.jpg,apple,224,224
fruit_dataset\apple\Apple_1406.jpg,Apple_1406.jpg,apple,224,224
fruit_dataset\apple\Apple_1407.jpg,Apple_1407.jpg,apple,224,224
fruit_dataset\apple\Apple_1408.jpg,Apple_1408.jpg,apple,224,224
fruit_dataset\apple\Apple_1409.jpg,Apple_1409.jpg,apple,224,224
fruit_dataset\apple\Apple_141.jpeg,Apple_141.jpeg,apple,224,224
fruit_dataset\apple\Apple_1410.jpg,Apple_1410.jpg,apple,224,224
fruit_dataset\apple\Apple_1411.jpg,Apple_1411.jpg,apple,224,224
fruit_dataset\apple\Apple_1412.jpg,Apple_1412.jpg,apple,224,224
fruit_dataset\apple\Apple_1413.jpg,Apple_1413.jpg,apple,224,224
fruit_dataset\apple\Apple_1414.jpg,Apple_1414.jpg,apple,224,224
fruit_dataset\apple\Apple_1415.jpg,Apple_1415.jpg,apple,224,224
fruit_dataset\apple\Apple_1416.jpg,Apple_1416.jpg,apple,224,224
fruit_dataset\apple\Apple_1417.jpg,Apple_1417.jpg,apple,224,224
fruit_dataset\apple\Apple_1418.jpg,Apple_1418.jpg,apple,224,224
fruit_dataset\apple\Apple_1419.jpg,Apple_1419.jpg,apple,224,224
fruit_dataset\apple\Apple_142.jpeg,Apple_142.jpeg,apple,224,224
fruit_dataset\apple\Apple_1420.jpg,Apple_1420.jpg,apple,224,224
fruit_dataset\apple\Apple_1421.jpg,Apple_1421.jpg,apple,224,224
fruit_dataset\apple\Apple_1422.jpg,Apple_1422.jpg,apple,224,224
fruit_dataset\apple\Apple_1423.jpg,Apple_1423.jpg,apple,224,224
fruit_dataset\apple\Apple_1424.jpg,Apple_1424.jpg,apple,224,224
fruit_dataset\apple\Apple_1425.jpg,Apple_1425.jpg,apple,224,224
fruit_dataset\apple\Apple_1426.jpg,Apple_1426.jpg,apple,224,224
fruit_dataset\apple\Apple_1427.jpg,Apple_1427.jpg,apple,224,224
fruit_dataset\apple\Apple_1428.jpg,Apple_1428.jpg,apple,224,224
fruit_dataset\apple\Apple_1429.jpg,Apple_1429.jpg,apple,224,224
fruit_dataset\apple\Apple_143.jpg,Apple_143.jpg,apple,224,224
fruit_dataset\apple\Apple_1430.jpg,Apple_1430.jpg,apple,224,224
fruit_dataset\apple\Apple_1431.jpg,Apple_1431.jpg,apple,224,224
fruit_dataset\apple\Apple_1432.jpg,Apple_1432.jpg,apple,224,224
fruit_dataset\apple\Apple_1433.jpg,Apple_1433.jpg,apple,224,224
fruit_dataset\apple\Apple_1434.jpg,Apple_1434.jpg,apple,224,224
fruit_dataset\apple\Apple_1435.jpg,Apple_1435.jpg,apple,224,224
fruit_dataset\apple\Apple_1436.jpg,Apple_1436.jpg,apple,224,224
fruit_dataset\apple\Apple_1437.jpg,Apple_1437.jpg,apple,224,224
fruit_dataset\apple\Apple_1438.jpg,Apple_1438.jpg,apple,224,224
fruit_dataset\apple\Apple_1439.jpg,Apple_1439.jpg,apple,224,224
fruit_dataset\apple\Apple_144.jpg,Apple_144.jpg,apple,224,224
fruit_dataset\apple\Apple_1440.jpg,Apple_1440.jpg,apple,224,224
fruit_dataset\apple\Apple_1441.jpg,Apple_1441.jpg,apple,224,224
fruit_dataset\apple\Apple_1442.jpg,Apple_1442.jpg,apple,224,224
fruit_dataset\apple\Apple_1443.jpg,Apple_1443.jpg,apple,224,224
fruit_dataset\apple\Apple_1444.jpg,Apple_1444.jpg,apple,224,224
fruit_dataset\apple\Apple_1445.jpg,Apple_1445.jpg,apple,224,224
fruit_dataset\apple\Apple_1446.jpg,Apple_1446.jpg,apple,224,224
fruit_dataset\apple\Apple_1447.jpg,Apple_1447.jpg,apple,224,224
fruit_dataset\apple\Apple_1448.jpg,Apple_1448.jpg,apple,224,224
fruit_dataset\apple\Apple_1449.jpg,Apple_1449.jpg,apple,224,224
fruit_dataset\apple\Apple_145.jpg,Apple_145.jpg,apple,224,224
fruit_dataset\apple\Apple_1450.jpg,Apple_1450.jpg,apple,224,224
fruit_dataset\apple\Apple_1451.jpg,Apple_1451.jpg,apple,224,224
fruit_dataset\apple\Apple_1452.jpg,Apple_1452.jpg,apple,224,224
fruit_dataset\apple\Apple_1453.jpg,Apple_1453.jpg,apple,224,224
fruit_dataset\apple\Apple_1454.jpg,Apple_1454.jpg,apple,224,224
fruit_dataset\apple\Apple_1455.jpg,Apple_1455.jpg,apple,224,224
fruit_dataset\apple\Apple_1456.jpg,Apple_1456.jpg,apple,224,224
fruit_dataset\apple\Apple_1457.jpg,Apple_1457.jpg,apple,224,224
fruit_dataset\apple\Apple_1458.jpg,Apple_1458.jpg,apple,224,224
fruit_dataset\apple\Apple_1459.jpg,Apple_1459.jpg,apple,224,224
fruit_dataset\apple\Apple_146.jpg,Apple_146.jpg,apple,224,224
fruit_dataset\apple\Apple_1460.jpg,Apple_1460.jpg,apple,224,224
fruit_dataset\apple\Apple_1461.jpg,Apple_1461.jpg,apple,224,224
fruit_dataset\apple\Apple_1462.jpg,Apple_1462.jpg,apple,224,224
fruit_dataset\apple\Apple_1463.jpg,Apple_1463.jpg,apple,224,224
fruit_dataset\apple\Apple_1464.jpg,Apple_1464.jpg,apple,224,224
fruit_dataset\apple\Apple_1465.jpg,Apple_1465.jpg,apple,224,224
fruit_dataset\apple\Apple_1466.jpg,Apple_1466.jpg,apple,224,224
fruit_dataset\apple\Apple_1467.jpg,Apple_1467.jpg,apple,224,224
fruit_dataset\apple\Apple_1468.png,Apple_1468.png,apple,224,224
fruit_dataset\apple\Apple_1469.jpg,Apple_1469.jpg,apple,224,224
fruit_dataset\apple\Apple_147.jpg,Apple_147.jpg,apple,224,224
fruit_dataset\apple\Apple_1470.jpg,Apple_1470.jpg,apple,224,224
fruit_dataset\apple\Apple_1471.jpg,Apple_1471.jpg,apple,224,224
fruit_dataset\apple\Apple_1472.jpg,Apple_1472.jpg,apple,224,224
fruit_dataset\apple\Apple_1473.jpg,Apple_1473.jpg,apple,224,224
fruit_dataset\apple\Apple_1474.jpg,Apple_1474.jpg,apple,224,224
fruit_dataset\apple\Apple_1475.jpg,Apple_1475.jpg,apple,224,224
fruit_dataset\apple\Apple_1476.jpg,Apple_1476.jpg,apple,224,224
fruit_dataset\apple\Apple_1477.jpg,Apple_1477.jpg,apple,224,224
fruit_dataset\apple\Apple_1478.jpg,Apple_1478.jpg,apple,224,224
fruit_dataset\apple\Apple_1479.jpg,Apple_1479.jpg,apple,224,224
fruit_dataset\apple\Apple_148.jpg,Apple_148.jpg,apple,224,224
fruit_dataset\apple\Apple_1480.jpg,Apple_1480.jpg,apple,224,224
fruit_dataset\apple\Apple_149.jpg,Apple_149.jpg,apple,224,224
fruit_dataset\apple\Apple_15.jpg,Apple_15.jpg,apple,224,224
fruit_dataset\apple\Apple_150.jpg,Apple_150.jpg,apple,224,224
fruit_dataset\apple\Apple_151.jpg,Apple_151.jpg,apple,224,224
fruit_dataset\apple\Apple_152.jpg,Apple_152.jpg,apple,224,224
fruit_dataset\apple\Apple_153.jpg,Apple_153.jpg,apple,224,224
fruit_dataset\apple\Apple_154.jpg,Apple_154.jpg,apple,224,224
fruit_dataset\apple\Apple_155.jpg,Apple_155.jpg,apple,224,224
fruit_dataset\apple\Apple_156.jpg,Apple_156.jpg,apple,224,224
fruit_dataset\apple\Apple_157.jpg,Apple_157.jpg,apple,224,224
fruit_dataset\apple\Apple_158.jpg,Apple_158.jpg,apple,224,224
fruit_dataset\apple\Apple_159.jpg,Apple_159.jpg,apple,224,224
fruit_dataset\apple\Apple_16.jpg,Apple_16.jpg,apple,224,224
fruit_dataset\apple\Apple_160.jpg,Apple_160.jpg,apple,224,224
fruit_dataset\apple\Apple_161.jpg,Apple_161.jpg,apple,224,224
fruit_dataset\apple\Apple_162.jpg,Apple_162.jpg,apple,224,224
fruit_dataset\apple\Apple_163.jpg,Apple_163.jpg,apple,224,224
fruit_dataset\apple\Apple_164.jpg,Apple_164.jpg,apple,224,224
fruit_dataset\apple\Apple_165.jpg,Apple_165.jpg,apple,224,224
fruit_dataset\apple\Apple_166.jpg,Apple_166.jpg,apple,224,224
fruit_dataset\apple\Apple_167.jpg,Apple_167.jpg,apple,224,224
fruit_dataset\apple\Apple_168.jpg,Apple_168.jpg,apple,224,224
fruit_dataset\apple\Apple_169.jpg,Apple_169.jpg,apple,224,224
fruit_dataset\apple\Apple_17.jpg,Apple_17.jpg,apple,224,224
fruit_dataset\apple\Apple_170.jpg,Apple_170.jpg,apple,224,224
fruit_dataset\apple\Apple_171.jpg,Apple_171.jpg,apple,224,224
fruit_dataset\apple\Apple_172.jpg,Apple_172.jpg,apple,224,224
fruit_dataset\apple\Apple_173.jpg,Apple_173.jpg,apple,224,224
fruit_dataset\apple\Apple_174.jpg,Apple_174.jpg,apple,224,224
fruit_dataset\apple\Apple_175.jpg,Apple_175.jpg,apple,224,224
fruit_dataset\apple\Apple_176.jpg,Apple_176.jpg,apple,224,224
fruit_dataset\apple\Apple_177.jpg,Apple_177.jpg,apple,224,224
fruit_dataset\apple\Apple_178.jpg,Apple_178.jpg,apple,224,224
fruit_dataset\apple\Apple_179.jpg,Apple_179.jpg,apple,224,224
fruit_dataset\apple\Apple_18.jpg,Apple_18.jpg,apple,224,224
fruit_dataset\apple\Apple_180.jpeg,Apple_180.jpeg,apple,224,224
fruit_dataset\apple\Apple_181.png,Apple_181.png,apple,224,224
fruit_dataset\apple\Apple_182.jpg,Apple_182.jpg,apple,224,224
fruit_dataset\apple\Apple_183.jpg,Apple_183.jpg,apple,224,224
fruit_dataset\apple\Apple_184.jpg,Apple_184.jpg,apple,224,224
fruit_dataset\apple\Apple_185.jpg,Apple_185.jpg,apple,224,224
fruit_dataset\apple\Apple_186.jpg,Apple_186.jpg,apple,224,224
fruit_dataset\apple\Apple_187.jpeg,Apple_187.jpeg,apple,224,224
fruit_dataset\apple\Apple_188.jpg,Apple_188.jpg,apple,224,224
fruit_dataset\apple\Apple_189.jpg,Apple_189.jpg,apple,224,224
fruit_dataset\apple\Apple_19.jpg,Apple_19.jpg,apple,224,224
fruit_dataset\apple\Apple_190.jpg,Apple_190.jpg,apple,224,224
fruit_dataset\apple\Apple_191.jpg,Apple_191.jpg,apple,224,224
fruit_dataset\apple\Apple_192.jpg,Apple_192.jpg,apple,224,224
fruit_dataset\apple\Apple_193.jpg,Apple_193.jpg,apple,224,224
fruit_dataset\apple\Apple_194.png,Apple_194.png,apple,224,224
fruit_dataset\apple\Apple_195.png,Apple_195.png,apple,224,224
fruit_dataset\apple\Apple_196.jpg,Apple_196.jpg,apple,224,224
fruit_dataset\apple\Apple_197.jpg,Apple_197.jpg,apple,224,224
fruit_dataset\apple\Apple_198.jpg,Apple_198.jpg,apple,224,224
fruit_dataset\apple\Apple_199.jpg,Apple_199.jpg,apple,224,224
fruit_dataset\apple\Apple_2.jpg,Apple_2.jpg,apple,224,224
fruit_dataset\apple\Apple_20.jpg,Apple_20.jpg,apple,224,224
fruit_dataset\apple\Apple_200.jpg,Apple_200.jpg,apple,224,224
fruit_dataset\apple\Apple_201.png,Apple_201.png,apple,224,224
fruit_dataset\apple\Apple_202.jpg,Apple_202.jpg,apple,224,224
fruit_dataset\apple\Apple_203.jpg,Apple_203.jpg,apple,224,224
fruit_dataset\apple\Apple_204.jpg,Apple_204.jpg,apple,224,224
fruit_dataset\apple\Apple_205.jpg,Apple_205.jpg,apple,224,224
fruit_dataset\apple\Apple_206.jpg,Apple_206.jpg,apple,224,224
fruit_dataset\apple\Apple_207.jpg,Apple_207.jpg,apple,224,224
fruit_dataset\apple\Apple_208.jpg,Apple_208.jpg,apple,224,224
fruit_dataset\apple\Apple_209.jpg,Apple_209.jpg,apple,224,224
fruit_dataset\apple\Apple_21.jpg,Apple_21.jpg,apple,224,224
fruit_dataset\apple\Apple_210.jpg,Apple_210.jpg,apple,224,224
fruit_dataset\apple\Apple_211.jpg,Apple_211.jpg,apple,224,224
fruit_dataset\apple\Apple_212.jpg,Apple_212.jpg,apple,224,224
fruit_dataset\apple\Apple_213.jpg,Apple_213.jpg,apple,224,224
fruit_dataset\apple\Apple_214.jpg,Apple_214.jpg,apple,224,224
fruit_dataset\apple\Apple_215.jpg,Apple_215.jpg,apple,224,224
fruit_dataset\apple\Apple_216.jpg,Apple_216.jpg,apple,224,224
fruit_dataset\apple\Apple_217.jpg,Apple_217.jpg,apple,224,224
fruit_dataset\apple\Apple_218.jpg,Apple_218.jpg,apple,224,224
fruit_dataset\apple\Apple_219.jpg,Apple_219.jpg,apple,224,224
fruit_dataset\apple\Apple_22.jpg,Apple_22.jpg,apple,224,224
fruit_dataset\apple\Apple_220.jpg,Apple_220.jpg,apple,224,224
fruit_dataset\apple\Apple_221.png,Apple_221.png,apple,224,224
fruit_dataset\apple\Apple_222.jpg,Apple_222.jpg,apple,224,224
fruit_dataset\apple\Apple_223.jpg,Apple_223.jpg,apple,224,224
fruit_dataset\apple\Apple_224.jpg,Apple_224.jpg,apple,224,224
fruit_dataset\apple\Apple_225.jpeg,Apple_225.jpeg,apple,224,224
fruit_dataset\apple\Apple_226.jpeg,Apple_226.jpeg,apple,224,224
fruit_dataset\apple\Apple_227.jpg,Apple_227.jpg,apple,224,224
fruit_dataset\apple\Apple_228.jpeg,Apple_228.jpeg,apple,224,224
fruit_dataset\apple\Apple_229.jpeg,Apple_229.jpeg,apple,224,224
fruit_dataset\apple\Apple_23.jpg,Apple_23.jpg,apple,224,224
fruit_dataset\apple\Apple_230.jpg,Apple_230.jpg,apple,224,224
fruit_dataset\apple\Apple_231.jpg,Apple_231.jpg,apple,224,224
fruit_dataset\apple\Apple_232.jpg,Apple_232.jpg,apple,224,224
fruit_dataset\apple\Apple_233.png,Apple_233.png,apple,224,224
fruit_dataset\apple\Apple_234.png,Apple_234.png,apple,224,224
fruit_dataset\apple\Apple_235.png,Apple_235.png,apple,224,224
fruit_dataset\apple\Apple_236.png,Apple_236.png,apple,224,224
fruit_dataset\apple\Apple_237.jpg,Apple_237.jpg,apple,224,224
fruit_dataset\apple\Apple_238.jpg,Apple_238.jpg,apple,224,224
fruit_dataset\apple\Apple_239.png,Apple_239.png,apple,224,224
fruit_dataset\apple\Apple_24.jpg,Apple_24.jpg,apple,224,224
fruit_dataset\apple\Apple_240.jpg,Apple_240.jpg,apple,224,224
fruit_dataset\apple\Apple_241.jpg,Apple_241.jpg,apple,224,224
fruit_dataset\apple\Apple_242.jpg,Apple_242.jpg,apple,224,224
fruit_dataset\apple\Apple_243.jpg,Apple_243.jpg,apple,224,224
fruit_dataset\apple\Apple_244.jpg,Apple_244.jpg,apple,224,224
fruit_dataset\apple\Apple_245.jpg,Apple_245.jpg,apple,224,224
fruit_dataset\apple\Apple_246.jpg,Apple_246.jpg,apple,224,224
fruit_dataset\apple\Apple_247.jpg,Apple_247.jpg,apple,224,224
fruit_dataset\apple\Apple_248.jpg,Apple_248.jpg,apple,224,224
fruit_dataset\apple\Apple_249.jpg,Apple_249.jpg,apple,224,224
fruit_dataset\apple\Apple_25.jpg,Apple_25.jpg,apple,224,224
fruit_dataset\apple\Apple_250.jpg,Apple_250.jpg,apple,224,224
fruit_dataset\apple\Apple_251.jpg,Apple_251.jpg,apple,224,224
fruit_dataset\apple\Apple_252.jpg,Apple_252.jpg,apple,224,224
fruit_dataset\apple\Apple_253.jpg,Apple_253.jpg,apple,224,224
fruit_dataset\apple\Apple_254.jpg,Apple_254.jpg,apple,224,224
fruit_dataset\apple\Apple_255.png,Apple_255.png,apple,224,224
fruit_dataset\apple\Apple_256.jpg,Apple_256.jpg,apple,224,224
fruit_dataset\apple\Apple_257.jpg,Apple_257.jpg,apple,224,224
fruit_dataset\apple\Apple_258.jpg,Apple_258.jpg,apple,224,224
fruit_dataset\apple\Apple_259.jpg,Apple_259.jpg,apple,224,224
fruit_dataset\apple\Apple_26.jpg,Apple_26.jpg,apple,224,224
fruit_dataset\apple\Apple_260.jpg,Apple_260.jpg,apple,224,224
fruit_dataset\apple\Apple_261.jpg,Apple_261.jpg,apple,224,224
fruit_dataset\apple\Apple_262.jpg,Apple_262.jpg,apple,224,224
fruit_dataset\apple\Apple_263.jpg,Apple_263.jpg,apple,224,224
fruit_dataset\apple\Apple_264.jpg,Apple_264.jpg,apple,224,224
fruit_dataset\apple\Apple_265.jpg,Apple_265.jpg,apple,224,224
fruit_dataset\apple\Apple_266.jpg,Apple_266.jpg,apple,224,224
fruit_dataset\apple\Apple_267.jpg,Apple_267.jpg,apple,224,224
fruit_dataset\apple\Apple_268.jpg,Apple_268.jpg,apple,224,224
fruit_dataset\apple\Apple_269.jpg,Apple_269.jpg,apple,224,224
fruit_dataset\apple\Apple_27.jpg,Apple_27.jpg,apple,224,224
fruit_dataset\apple\Apple_270.jpg,Apple_270.jpg,apple,224,224
fruit_dataset\apple\Apple_271.jpg,Apple_271.jpg,apple,224,224
fruit_dataset\apple\Apple_272.jpg,Apple_272.jpg,apple,224,224
fruit_dataset\apple\Apple_273.jpg,Apple_273.jpg,apple,224,224
fruit_dataset\apple\Apple_274.jpg,Apple_274.jpg,apple,224,224
fruit_dataset\apple\Apple_275.jpg,Apple_275.jpg,apple,224,224
fruit_dataset\apple\Apple_276.jpg,Apple_276.jpg,apple,224,224
fruit_dataset\apple\Apple_277.jpg,Apple_277.jpg,apple,224,224
fruit_dataset\apple\Apple_278.jpg,Apple_278.jpg,apple,224,224
fruit_dataset\apple\Apple_279.jpg,Apple_279.jpg,apple,224,224
fruit_dataset\apple\Apple_28.jpg,Apple_28.jpg,apple,224,224
fruit_dataset\apple\Apple_280.jpg,Apple_280.jpg,apple,224,224
fruit_dataset\apple\Apple_281.jpg,Apple_281.jpg,apple,224,224
fruit_dataset\apple\Apple_282.png,Apple_282.png,apple,224,224
fruit_dataset\apple\Apple_283.jpg,Apple_283.jpg,apple,224,224
fruit_dataset\apple\Apple_284.jpg,Apple_284.jpg,apple,224,224
fruit_dataset\apple\Apple_285.jpg,Apple_285.jpg,apple,224,224
fruit_dataset\apple\Apple_286.jpg,Apple_286.jpg,apple,224,224
fruit_dataset\apple\Apple_287.jpg,Apple_287.jpg,apple,224,224
fruit_dataset\apple\Apple_288.jpg,Apple_288.jpg,apple,224,224
fruit_dataset\apple\Apple_289.jpg,Apple_289.jpg,apple,224,224
fruit_dataset\apple\Apple_29.jpg,Apple_29.jpg,apple,224,224
fruit_dataset\apple\Apple_290.jpg,Apple_290.jpg,apple,224,224
fruit_dataset\apple\Apple_291.jpg,Apple_291.jpg,apple,224,224
fruit_dataset\apple\Apple_292.jpg,Apple_292.jpg,apple,224,224
fruit_dataset\apple\Apple_293.jpg,Apple_293.jpg,apple,224,224
fruit_dataset\apple\Apple_294.jpg,Apple_294.jpg,apple,224,224
fruit_dataset\apple\Apple_295.jpg,Apple_295.jpg,apple,224,224
fruit_dataset\apple\Apple_296.png,Apple_296.png,apple,224,224
fruit_dataset\apple\Apple_297.jpg,Apple_297.jpg,apple,224,224
fruit_dataset\apple\Apple_298.jpg,Apple_298.jpg,apple,224,224
fruit_dataset\apple\Apple_299.jpg,Apple_299.jpg,apple,224,224
fruit_dataset\apple\Apple_3.jpeg,Apple_3.jpeg,apple,224,224
fruit_dataset\apple\Apple_30.jpg,Apple_30.jpg,apple,224,224
fruit_dataset\apple\Apple_300.jpg,Apple_300.jpg,apple,224,224
fruit_dataset\apple\Apple_301.jpg,Apple_301.jpg,apple,224,224
fruit_dataset\apple\Apple_302.jpg,Apple_302.jpg,apple,224,224
fruit_dataset\apple\Apple_303.jpg,Apple_303.jpg,apple,224,224
fruit_dataset\apple\Apple_304.jpg,Apple_304.jpg,apple,224,224
fruit_dataset\apple\Apple_305.jpg,Apple_305.jpg,apple,224,224
fruit_dataset\apple\Apple_306.jpg,Apple_306.jpg,apple,224,224
fruit_dataset\apple\Apple_307.jpg,Apple_307.jpg,apple,224,224
fruit_dataset\apple\Apple_308.jpg,Apple_308.jpg,apple,224,224
fruit_dataset\apple\Apple_309.jpg,Apple_309.jpg,apple,224,224
fruit_dataset\apple\Apple_31.jpg,Apple_31.jpg,apple,224,224
fruit_dataset\apple\Apple_310.jpg,Apple_310.jpg,apple,224,224
fruit_dataset\apple\Apple_311.jpg,Apple_311.jpg,apple,224,224
fruit_dataset\apple\Apple_312.jpg,Apple_312.jpg,apple,224,224
fruit_dataset\apple\Apple_313.jpeg,Apple_313.jpeg,apple,224,224
fruit_dataset\apple\Apple_314.jpg,Apple_314.jpg,apple,224,224
fruit_dataset\apple\Apple_315.jpeg,Apple_315.jpeg,apple,224,224
fruit_dataset\apple\Apple_316.jpg,Apple_316.jpg,apple,224,224
fruit_dataset\apple\Apple_317.jpg,Apple_317.jpg,apple,224,224
fruit_dataset\apple\Apple_318.jpg,Apple_318.jpg,apple,224,224
fruit_dataset\apple\Apple_319.jpg,Apple_319.jpg,apple,224,224
fruit_dataset\apple\Apple_32.jpg,Apple_32.jpg,apple,224,224
fruit_dataset\apple\Apple_320.jpg,Apple_320.jpg,apple,224,224
fruit_dataset\apple\Apple_321.jpg,Apple_321.jpg,apple,224,224
fruit_dataset\apple\Apple_322.jpg,Apple_322.jpg,apple,224,224
fruit_dataset\apple\Apple_323.jpeg,Apple_323.jpeg,apple,224,224
fruit_dataset\apple\Apple_324.jpg,Apple_324.jpg,apple,224,224
fruit_dataset\apple\Apple_325.jpg,Apple_325.jpg,apple,224,224
fruit_dataset\apple\Apple_326.jpg,Apple_326.jpg,apple,224,224
fruit_dataset\apple\Apple_327.jpg,Apple_327.jpg,apple,224,224
fruit_dataset\apple\Apple_328.jpg,Apple_328.jpg,apple,224,224
fruit_dataset\apple\Apple_329.jpg,Apple_329.jpg,apple,224,224
fruit_dataset\apple\Apple_33.jpg,Apple_33.jpg,apple,224,224
fruit_dataset\apple\Apple_330.jpg,Apple_330.jpg,apple,224,224
fruit_dataset\apple\Apple_331.jpg,Apple_331.jpg,apple,224,224
fruit_dataset\apple\Apple_332.jpg,Apple_332.jpg,apple,224,224
fruit_dataset\apple\Apple_333.jpg,Apple_333.jpg,apple,224,224
fruit_dataset\apple\Apple_334.jpg,Apple_334.jpg,apple,224,224
fruit_dataset\apple\Apple_335.jpg,Apple_335.jpg,apple,224,224
fruit_dataset\apple\Apple_336.jpg,Apple_336.jpg,apple,224,224
fruit_dataset\apple\Apple_337.jpg,Apple_337.jpg,apple,224,224
fruit_dataset\apple\Apple_338.jpg,Apple_338.jpg,apple,224,224
fruit_dataset\apple\Apple_339.jpg,Apple_339.jpg,apple,224,224
fruit_dataset\apple\Apple_34.jpg,Apple_34.jpg,apple,224,224
fruit_dataset\apple\Apple_340.jpg,Apple_340.jpg,apple,224,224
fruit_dataset\apple\Apple_341.jpg,Apple_341.jpg,apple,224,224
fruit_dataset\apple\Apple_342.jpg,Apple_342.jpg,apple,224,224
fruit_dataset\apple\Apple_343.jpg,Apple_343.jpg,apple,224,224
fruit_dataset\apple\Apple_344.jpg,Apple_344.jpg,apple,224,224
fruit_dataset\apple\Apple_345.jpg,Apple_345.jpg,apple,224,224
fruit_dataset\apple\Apple_346.jpg,Apple_346.jpg,apple,224,224
fruit_dataset\apple\Apple_347.jpg,Apple_347.jpg,apple,224,224
fruit_dataset\apple\Apple_348.jpg,Apple_348.jpg,apple,224,224
fruit_dataset\apple\Apple_349.jpg,Apple_349.jpg,apple,224,224
fruit_dataset\apple\Apple_35.jpg,Apple_35.jpg,apple,224,224
fruit_dataset\apple\Apple_350.jpg,Apple_350.jpg,apple,224,224
fruit_dataset\apple\Apple_351.jpg,Apple_351.jpg,apple,224,224
fruit_dataset\apple\Apple_352.jpg,Apple_352.jpg,apple,224,224
fruit_dataset\apple\Apple_353.jpg,Apple_353.jpg,apple,224,224
fruit_dataset\apple\Apple_354.jpg,Apple_354.jpg,apple,224,224
fruit_dataset\apple\Apple_355.jpg,Apple_355.jpg,apple,224,224
fruit_dataset\apple\Apple_356.jpg,Apple_356.jpg,apple,224,224
fruit_dataset\apple\Apple_357.jpg,Apple_357.jpg,apple,224,224
fruit_dataset\apple\Apple_358.jpeg,Apple_358.jpeg,apple,224,224
fruit_dataset\apple\Apple_359.jpeg,Apple_359.jpeg,apple,224,224
fruit_dataset\apple\Apple_36.jpg,Apple_36.jpg,apple,224,224
fruit_dataset\apple\Apple_360.jpg,Apple_360.jpg,apple,224,224
fruit_dataset\apple\Apple_361.jpg,Apple_361.jpg,apple,224,224
fruit_dataset\apple\Apple_362.jpg,Apple_362.jpg,apple,224,224
fruit_dataset\apple\Apple_363.jpg,Apple_363.jpg,apple,224,224
fruit_dataset\apple\Apple_364.jpg,Apple_364.jpg,apple,224,224
fruit_dataset\apple\Apple_365.jpg,Apple_365.jpg,apple,224,224
fruit_dataset\apple\Apple_366.jpg,Apple_366.jpg,apple,224,224
fruit_dataset\apple\Apple_367.jpg,Apple_367.jpg,apple,224,224
fruit_dataset\apple\Apple_368.jpg,Apple_368.jpg,apple,224,224
fruit_dataset\apple\Apple_369.jpg,Apple_369.jpg,apple,224,224
fruit_dataset\apple\Apple_37.jpg,Apple_37.jpg,apple,224,224
fruit_dataset\apple\Apple_370.jpg,Apple_370.jpg,apple,224,224
fruit_dataset\apple\Apple_371.jpg,Apple_371.jpg,apple,224,224
fruit_dataset\apple\Apple_372.jpg,Apple_372.jpg,apple,224,224
fruit_dataset\apple\Apple_373.jpg,Apple_373.jpg,apple,224,224
fruit_dataset\apple\Apple_374.jpg,Apple_374.jpg,apple,224,224
fruit_dataset\apple\Apple_375.jpg,Apple_375.jpg,apple,224,224
fruit_dataset\apple\Apple_376.jpeg,Apple_376.jpeg,apple,224,224
fruit_dataset\apple\Apple_377.jpg,Apple_377.jpg,apple,224,224
fruit_dataset\apple\Apple_378.png,Apple_378.png,apple,224,224
fruit_dataset\apple\Apple_379.jpg,Apple_379.jpg,apple,224,224
fruit_dataset\apple\Apple_38.jpg,Apple_38.jpg,apple,224,224
fruit_dataset\apple\Apple_380.png,Apple_380.png,apple,224,224
fruit_dataset\apple\Apple_381.jpg,Apple_381.jpg,apple,224,224
fruit_dataset\apple\Apple_382.jpg,Apple_382.jpg,apple,224,224
fruit_dataset\apple\Apple_383.jpg,Apple_383.jpg,apple,224,224
fruit_dataset\apple\Apple_384.png,Apple_384.png,apple,224,224
fruit_dataset\apple\Apple_385.jpg,Apple_385.jpg,apple,224,224
fruit_dataset\apple\Apple_386.jpg,Apple_386.jpg,apple,224,224
fruit_dataset\apple\Apple_387.jpg,Apple_387.jpg,apple,224,224
fruit_dataset\apple\Apple_388.jpg,Apple_388.jpg,apple,224,224
fruit_dataset\apple\Apple_389.jpg,Apple_389.jpg,apple,224,224
fruit_dataset\apple\Apple_39.jpg,Apple_39.jpg,apple,224,224
fruit_dataset\apple\Apple_390.jpg,Apple_390.jpg,apple,224,224
fruit_dataset\apple\Apple_391.jpg,Apple_391.jpg,apple,224,224
fruit_dataset\apple\Apple_392.jpg,Apple_392.jpg,apple,224,224
fruit_dataset\apple\Apple_393.jpg,Apple_393.jpg,apple,224,224
fruit_dataset\apple\Apple_394.jpg,Apple_394.jpg,apple,224,224
fruit_dataset\apple\Apple_395.jpg,Apple_395.jpg,apple,224,224
fruit_dataset\apple\Apple_396.jpg,Apple_396.jpg,apple,224,224
fruit_dataset\apple\Apple_397.jpg,Apple_397.jpg,apple,224,224
fruit_dataset\apple\Apple_398.jpg,Apple_398.jpg,apple,224,224
fruit_dataset\apple\Apple_399.jpg,Apple_399.jpg,apple,224,224
fruit_dataset\apple\Apple_4.jpg,Apple_4.jpg,apple,224,224
fruit_dataset\apple\Apple_40.jpeg,Apple_40.jpeg,apple,224,224
fruit_dataset\apple\Apple_400.jpg,Apple_400.jpg,apple,224,224
fruit_dataset\apple\Apple_401.jpg,Apple_401.jpg,apple,224,224
fruit_dataset\apple\Apple_402.jpg,Apple_402.jpg,apple,224,224
fruit_dataset\apple\Apple_403.jpg,Apple_403.jpg,apple,224,224
fruit_dataset\apple\Apple_404.jpg,Apple_404.jpg,apple,224,224
fruit_dataset\apple\Apple_405.jpg,Apple_405.jpg,apple,224,224
fruit_dataset\apple\Apple_406.jpg,Apple_406.jpg,apple,224,224
fruit_dataset\apple\Apple_407.jpg,Apple_407.jpg,apple,224,224
fruit_dataset\apple\Apple_408.jpg,Apple_408.jpg,apple,224,224
fruit_dataset\apple\Apple_409.jpg,Apple_409.jpg,apple,224,224
fruit_dataset\apple\Apple_41.jpeg,Apple_41.jpeg,apple,224,224
fruit_dataset\apple\Apple_410.jpg,Apple_410.jpg,apple,224,224
fruit_dataset\apple\Apple_411.jpg,Apple_411.jpg,apple,224,224
fruit_dataset\apple\Apple_412.jpg,Apple_412.jpg,apple,224,224
fruit_dataset\apple\Apple_413.jpg,Apple_413.jpg,apple,224,224
fruit_dataset\apple\Apple_414.jpg,Apple_414.jpg,apple,224,224
fruit_dataset\apple\Apple_415.jpg,Apple_415.jpg,apple,224,224
fruit_dataset\apple\Apple_416.jpg,Apple_416.jpg,apple,224,224
fruit_dataset\apple\Apple_417.jpg,Apple_417.jpg,apple,224,224
fruit_dataset\apple\Apple_418.jpg,Apple_418.jpg,apple,224,224
fruit_dataset\apple\Apple_419.png,Apple_419.png,apple,224,224
fruit_dataset\apple\Apple_42.jpg,Apple_42.jpg,apple,224,224
fruit_dataset\apple\Apple_420.png,Apple_420.png,apple,224,224
fruit_dataset\apple\Apple_421.png,Apple_421.png,apple,224,224
fruit_dataset\apple\Apple_422.jpg,Apple_422.jpg,apple,224,224
fruit_dataset\apple\Apple_423.jpg,Apple_423.jpg,apple,224,224
fruit_dataset\apple\Apple_424.jpg,Apple_424.jpg,apple,224,224
fruit_dataset\apple\Apple_425.jpg,Apple_425.jpg,apple,224,224
fruit_dataset\apple\Apple_426.jpg,Apple_426.jpg,apple,224,224
fruit_dataset\apple\Apple_427.jpg,Apple_427.jpg,apple,224,224
fruit_dataset\apple\Apple_428.jpg,Apple_428.jpg,apple,224,224
fruit_dataset\apple\Apple_429.jpg,Apple_429.jpg,apple,224,224
fruit_dataset\apple\Apple_43.jpg,Apple_43.jpg,apple,224,224
fruit_dataset\apple\Apple_430.jpg,Apple_430.jpg,apple,224,224
fruit_dataset\apple\Apple_431.jpg,Apple_431.jpg,apple,224,224
fruit_dataset\apple\Apple_432.jpg,Apple_432.jpg,apple,224,224
fruit_dataset\apple\Apple_433.jpg,Apple_433.jpg,apple,224,224
fruit_dataset\apple\Apple_434.jpg,Apple_434.jpg,apple,224,224
fruit_dataset\apple\Apple_435.jpg,Apple_435.jpg,apple,224,224
fruit_dataset\apple\Apple_436.jpg,Apple_436.jpg,apple,224,224
fruit_dataset\apple\Apple_437.jpg,Apple_437.jpg,apple,224,224
fruit_dataset\apple\Apple_438.jpg,Apple_438.jpg,apple,224,224
fruit_dataset\apple\Apple_439.jpg,Apple_439.jpg,apple,224,224
fruit_dataset\apple\Apple_44.jpg,Apple_44.jpg,apple,224,224
fruit_dataset\apple\Apple_440.jpg,Apple_440.jpg,apple,224,224
fruit_dataset\apple\Apple_441.jpg,Apple_441.jpg,apple,224,224
fruit_dataset\apple\Apple_442.jpg,Apple_442.jpg,apple,224,224
fruit_dataset\apple\Apple_443.jpg,Apple_443.jpg,apple,224,224
fruit_dataset\apple\Apple_444.jpg,Apple_444.jpg,apple,224,224
fruit_dataset\apple\Apple_445.jpg,Apple_445.jpg,apple,224,224
fruit_dataset\apple\Apple_446.jpg,Apple_446.jpg,apple,224,224
fruit_dataset\apple\Apple_447.jpg,Apple_447.jpg,apple,224,224
fruit_dataset\apple\Apple_448.jpg,Apple_448.jpg,apple,224,224
fruit_dataset\apple\Apple_449.jpg,Apple_449.jpg,apple,224,224
fruit_dataset\apple\Apple_45.jpg,Apple_45.jpg,apple,224,224
fruit_dataset\apple\Apple_450.jpg,Apple_450.jpg,apple,224,224
fruit_dataset\apple\Apple_451.jpg,Apple_451.jpg,apple,224,224
fruit_dataset\apple\Apple_452.jpg,Apple_452.jpg,apple,224,224
fruit_dataset\apple\Apple_453.jpg,Apple_453.jpg,apple,224,224
fruit_dataset\apple\Apple_454.jpg,Apple_454.jpg,apple,224,224
fruit_dataset\apple\Apple_455.jpg,Apple_455.jpg,apple,224,224
fruit_dataset\apple\Apple_456.jpg,Apple_456.jpg,apple,224,224
fruit_dataset\apple\Apple_457.jpg,Apple_457.jpg,apple,224,224
fruit_dataset\apple\Apple_458.jpg,Apple_458.jpg,apple,224,224
fruit_dataset\apple\Apple_459.jpg,Apple_459.jpg,apple,224,224
fruit_dataset\apple\Apple_46.png,Apple_46.png,apple,224,224
fruit_dataset\apple\Apple_460.jpg,Apple_460.jpg,apple,224,224
fruit_dataset\apple\Apple_461.jpg,Apple_461.jpg,apple,224,224
fruit_dataset\apple\Apple_462.jpg,Apple_462.jpg,apple,224,224
fruit_dataset\apple\Apple_463.jpg,Apple_463.jpg,apple,224,224
fruit_dataset\apple\Apple_464.jpg,Apple_464.jpg,apple,224,224
fruit_dataset\apple\Apple_465.jpeg,Apple_465.jpeg,apple,224,224
fruit_dataset\apple\Apple_466.jpg,Apple_466.jpg,apple,224,224
fruit_dataset\apple\Apple_467.jpg,Apple_467.jpg,apple,224,224
fruit_dataset\apple\Apple_468.jpg,Apple_468.jpg,apple,224,224
fruit_dataset\apple\Apple_469.jpg,Apple_469.jpg,apple,224,224
fruit_dataset\apple\Apple_47.jpg,Apple_47.jpg,apple,224,224
fruit_dataset\apple\Apple_470.jpg,Apple_470.jpg,apple,224,224
fruit_dataset\apple\Apple_471.jpg,Apple_471.jpg,apple,224,224
fruit_dataset\apple\Apple_472.jpg,Apple_472.jpg,apple,224,224
fruit_dataset\apple\Apple_473.jpg,Apple_473.jpg,apple,224,224
fruit_dataset\apple\Apple_474.jpg,Apple_474.jpg,apple,224,224
fruit_dataset\apple\Apple_475.jpg,Apple_475.jpg,apple,224,224
fruit_dataset\apple\Apple_476.jpg,Apple_476.jpg,apple,224,224
fruit_dataset\apple\Apple_477.jpg,Apple_477.jpg,apple,224,224
fruit_dataset\apple\Apple_478.jpg,Apple_478.jpg,apple,224,224
fruit_dataset\apple\Apple_479.jpg,Apple_479.jpg,apple,224,224
fruit_dataset\apple\Apple_48.png,Apple_48.png,apple,224,224
fruit_dataset\apple\Apple_480.jpg,Apple_480.jpg,apple,224,224
fruit_dataset\apple\Apple_481.jpg,Apple_481.jpg,apple,224,224
fruit_dataset\apple\Apple_482.jpg,Apple_482.jpg,apple,224,224
fruit_dataset\apple\Apple_483.jpg,Apple_483.jpg,apple,224,224
fruit_dataset\apple\Apple_484.jpg,Apple_484.jpg,apple,224,224
fruit_dataset\apple\Apple_485.jpg,Apple_485.jpg,apple,224,224
fruit_dataset\apple\Apple_486.jpg,Apple_486.jpg,apple,224,224
fruit_dataset\apple\Apple_487.jpg,Apple_487.jpg,apple,224,224
fruit_dataset\apple\Apple_488.jpg,Apple_488.jpg,apple,224,224
fruit_dataset\apple\Apple_489.jpg,Apple_489.jpg,apple,224,224
fruit_dataset\apple\Apple_49.jpg,Apple_49.jpg,apple,224,224
fruit_dataset\apple\Apple_490.jpg,Apple_490.jpg,apple,224,224
fruit_dataset\apple\Apple_491.jpg,Apple_491.jpg,apple,224,224
fruit_dataset\apple\Apple_492.jpg,Apple_492.jpg,apple,224,224
fruit_dataset\apple\Apple_493.jpg,Apple_493.jpg,apple,224,224
fruit_dataset\apple\Apple_494.jpg,Apple_494.jpg,apple,224,224
fruit_dataset\apple\Apple_495.jpg,Apple_495.jpg,apple,224,224
fruit_dataset\apple\Apple_496.jpg,Apple_496.jpg,apple,224,224
fruit_dataset\apple\Apple_497.jpg,Apple_497.jpg,apple,224,224
fruit_dataset\apple\Apple_498.jpg,Apple_498.jpg,apple,224,224
fruit_dataset\apple\Apple_499.jpg,Apple_499.jpg,apple,224,224
fruit_dataset\apple\Apple_5.jpg,Apple_5.jpg,apple,224,224
fruit_dataset\apple\Apple_50.jpg,Apple_50.jpg,apple,224,224
fruit_dataset\apple\Apple_500.jpg,Apple_500.jpg,apple,224,224
fruit_dataset\apple\Apple_501.jpg,Apple_501.jpg,apple,224,224
fruit_dataset\apple\Apple_502.jpg,Apple_502.jpg,apple,224,224
fruit_dataset\apple\Apple_503.jpg,Apple_503.jpg,apple,224,224
fruit_dataset\apple\Apple_504.jpg,Apple_504.jpg,apple,224,224
fruit_dataset\apple\Apple_505.jpg,Apple_505.jpg,apple,224,224
fruit_dataset\apple\Apple_506.jpg,Apple_506.jpg,apple,224,224
fruit_dataset\apple\Apple_507.jpg,Apple_507.jpg,apple,224,224
fruit_dataset\apple\Apple_508.jpg,Apple_508.jpg,apple,224,224
fruit_dataset\apple\Apple_509.jpg,Apple_509.jpg,apple,224,224
fruit_dataset\apple\Apple_51.png,Apple_51.png,apple,224,224
fruit_dataset\apple\Apple_510.jpg,Apple_510.jpg,apple,224,224
fruit_dataset\apple\Apple_511.jpg,Apple_511.jpg,apple,224,224
fruit_dataset\apple\Apple_512.jpg,Apple_512.jpg,apple,224,224
fruit_dataset\apple\Apple_513.jpg,Apple_513.jpg,apple,224,224
fruit_dataset\apple\Apple_514.jpg,Apple_514.jpg,apple,224,224
fruit_dataset\apple\Apple_515.jpg,Apple_515.jpg,apple,224,224
fruit_dataset\apple\Apple_516.jpg,Apple_516.jpg,apple,224,224
fruit_dataset\apple\Apple_517.jpg,Apple_517.jpg,apple,224,224
fruit_dataset\apple\Apple_518.jpg,Apple_518.jpg,apple,224,224
fruit_dataset\apple\Apple_519.jpg,Apple_519.jpg,apple,224,224
fruit_dataset\apple\Apple_52.jpg,Apple_52.jpg,apple,224,224
fruit_dataset\apple\Apple_520.jpg,Apple_520.jpg,apple,224,224
fruit_dataset\apple\Apple_521.jpg,Apple_521.jpg,apple,224,224
fruit_dataset\apple\Apple_522.jpg,Apple_522.jpg,apple,224,224
fruit_dataset\apple\Apple_523.jpg,Apple_523.jpg,apple,224,224
fruit_dataset\apple\Apple_524.jpeg,Apple_524.jpeg,apple,224,224
fruit_dataset\apple\Apple_525.jpg,Apple_525.jpg,apple,224,224
fruit_dataset\apple\Apple_526.jpg,Apple_526.jpg,apple,224,224
fruit_dataset\apple\Apple_527.jpg,Apple_527.jpg,apple,224,224
fruit_dataset\apple\Apple_528.jpg,Apple_528.jpg,apple,224,224
fruit_dataset\apple\Apple_529.jpg,Apple_529.jpg,apple,224,224
fruit_dataset\apple\Apple_53.jpg,Apple_53.jpg,apple,224,224
fruit_dataset\apple\Apple_530.jpg,Apple_530.jpg,apple,224,224
fruit_dataset\apple\Apple_531.jpg,Apple_531.jpg,apple,224,224
fruit_dataset\apple\Apple_532.jpg,Apple_532.jpg,apple,224,224
fruit_dataset\apple\Apple_533.png,Apple_533.png,apple,224,224
fruit_dataset\apple\Apple_534.jpg,Apple_534.jpg,apple,224,224
fruit_dataset\apple\Apple_535.jpg,Apple_535.jpg,apple,224,224
fruit_dataset\apple\Apple_536.jpeg,Apple_536.jpeg,apple,224,224
fruit_dataset\apple\Apple_537.jpg,Apple_537.jpg,apple,224,224
fruit_dataset\apple\Apple_538.jpg,Apple_538.jpg,apple,224,224
fruit_dataset\apple\Apple_539.jpg,Apple_539.jpg,apple,224,224
fruit_dataset\apple\Apple_54.jpg,Apple_54.jpg,apple,224,224
fruit_dataset\apple\Apple_540.jpg,Apple_540.jpg,apple,224,224
fruit_dataset\apple\Apple_541.jpg,Apple_541.jpg,apple,224,224
fruit_dataset\apple\Apple_542.jpg,Apple_542.jpg,apple,224,224
fruit_dataset\apple\Apple_543.jpg,Apple_543.jpg,apple,224,224
fruit_dataset\apple\Apple_544.jpg,Apple_544.jpg,apple,224,224
fruit_dataset\apple\Apple_545.jpg,Apple_545.jpg,apple,224,224
fruit_dataset\apple\Apple_546.jpg,Apple_546.jpg,apple,224,224
fruit_dataset\apple\Apple_547.jpg,Apple_547.jpg,apple,224,224
fruit_dataset\apple\Apple_548.png,Apple_548.png,apple,224,224
fruit_dataset\apple\Apple_549.png,Apple_549.png,apple,224,224
fruit_dataset\apple\Apple_55.jpg,Apple_55.jpg,apple,224,224
fruit_dataset\apple\Apple_550.jpg,Apple_550.jpg,apple,224,224
fruit_dataset\apple\Apple_551.jpg,Apple_551.jpg,apple,224,224
fruit_dataset\apple\Apple_552.jpg,Apple_552.jpg,apple,224,224
fruit_dataset\apple\Apple_553.jpg,Apple_553.jpg,apple,224,224
fruit_dataset\apple\Apple_554.jpg,Apple_554.jpg,apple,224,224
fruit_dataset\apple\Apple_555.jpg,Apple_555.jpg,apple,224,224
fruit_dataset\apple\Apple_556.jpg,Apple_556.jpg,apple,224,224
fruit_dataset\apple\Apple_557.jpg,Apple_557.jpg,apple,224,224
fruit_dataset\apple\Apple_558.jpg,Apple_558.jpg,apple,224,224
fruit_dataset\apple\Apple_559.jpg,Apple_559.jpg,apple,224,224
fruit_dataset\apple\Apple_56.jpg,Apple_56.jpg,apple,224,224
fruit_dataset\apple\Apple_560.jpg,Apple_560.jpg,apple,224,224
fruit_dataset\apple\Apple_561.jpg,Apple_561.jpg,apple,224,224
fruit_dataset\apple\Apple_562.jpg,Apple_562.jpg,apple,224,224
fruit_dataset\apple\Apple_563.jpg,Apple_563.jpg,apple,224,224
fruit_dataset\apple\Apple_564.jpg,Apple_564.jpg,apple,224,224
fruit_dataset\apple\Apple_565.jpg,Apple_565.jpg,apple,224,224
fruit_dataset\apple\Apple_566.jpg,Apple_566.jpg,apple,224,224
fruit_dataset\apple\Apple_567.jpg,Apple_567.jpg,apple,224,224
fruit_dataset\apple\Apple_568.jpg,Apple_568.jpg,apple,224,224
fruit_dataset\apple\Apple_569.jpg,Apple_569.jpg,apple,224,224
fruit_dataset\apple\Apple_57.jpg,Apple_57.jpg,apple,224,224
fruit_dataset\apple\Apple_570.jpg,Apple_570.jpg,apple,224,224
fruit_dataset\apple\Apple_571.jpg,Apple_571.jpg,apple,224,224
fruit_dataset\apple\Apple_572.jpeg,Apple_572.jpeg,apple,224,224
fruit_dataset\apple\Apple_573.jpg,Apple_573.jpg,apple,224,224
fruit_dataset\apple\Apple_574.jpg,Apple_574.jpg,apple,224,224
fruit_dataset\apple\Apple_575.jpg,Apple_575.jpg,apple,224,224
fruit_dataset\apple\Apple_576.png,Apple_576.png,apple,224,224
fruit_dataset\apple\Apple_577.jpg,Apple_577.jpg,apple,224,224
fruit_dataset\apple\Apple_578.jpg,Apple_578.jpg,apple,224,224
fruit_dataset\apple\Apple_579.jpg,Apple_579.jpg,apple,224,224
fruit_dataset\apple\Apple_58.jpg,Apple_58.jpg,apple,224,224
fruit_dataset\apple\Apple_580.jpg,Apple_580.jpg,apple,224,224
fruit_dataset\apple\Apple_581.jpg,Apple_581.jpg,apple,224,224
fruit_dataset\apple\Apple_582.jpg,Apple_582.jpg,apple,224,224
fruit_dataset\apple\Apple_583.jpg,Apple_583.jpg,apple,224,224
fruit_dataset\apple\Apple_584.jpg,Apple_584.jpg,apple,224,224
fruit_dataset\apple\Apple_585.jpg,Apple_585.jpg,apple,224,224
fruit_dataset\apple\Apple_586.jpg,Apple_586.jpg,apple,224,224
fruit_dataset\apple\Apple_587.jpg,Apple_587.jpg,apple,224,224
fruit_dataset\apple\Apple_588.jpg,Apple_588.jpg,apple,224,224
fruit_dataset\apple\Apple_589.jpg,Apple_589.jpg,apple,224,224
fruit_dataset\apple\Apple_59.jpeg,Apple_59.jpeg,apple,224,224
fruit_dataset\apple\Apple_590.jpg,Apple_590.jpg,apple,224,224
fruit_dataset\apple\Apple_591.jpg,Apple_591.jpg,apple,224,224
fruit_dataset\apple\Apple_592.jpg,Apple_592.jpg,apple,224,224
fruit_dataset\apple\Apple_593.jpg,Apple_593.jpg,apple,224,224
fruit_dataset\apple\Apple_594.jpg,Apple_594.jpg,apple,224,224
fruit_dataset\apple\Apple_595.jpg,Apple_595.jpg,apple,224,224
fruit_dataset\apple\Apple_596.jpg,Apple_596.jpg,apple,224,224
fruit_dataset\apple\Apple_597.jpg,Apple_597.jpg,apple,224,224
fruit_dataset\apple\Apple_598.jpg,Apple_598.jpg,apple,224,224
fruit_dataset\apple\Apple_599.jpg,Apple_599.jpg,apple,224,224
fruit_dataset\apple\Apple_6.jpg,Apple_6.jpg,apple,224,224
fruit_dataset\apple\Apple_60.jpg,Apple_60.jpg,apple,224,224
fruit_dataset\apple\Apple_600.jpg,Apple_600.jpg,apple,224,224
fruit_dataset\apple\Apple_601.jpg,Apple_601.jpg,apple,224,224
fruit_dataset\apple\Apple_602.jpg,Apple_602.jpg,apple,224,224
fruit_dataset\apple\Apple_603.jpg,Apple_603.jpg,apple,224,224
fruit_dataset\apple\Apple_604.jpg,Apple_604.jpg,apple,224,224
fruit_dataset\apple\Apple_605.jpg,Apple_605.jpg,apple,224,224
fruit_dataset\apple\Apple_606.jpg,Apple_606.jpg,apple,224,224
fruit_dataset\apple\Apple_607.jpg,Apple_607.jpg,apple,224,224
fruit_dataset\apple\Apple_608.jpg,Apple_608.jpg,apple,224,224
fruit_dataset\apple\Apple_609.jpg,Apple_609.jpg,apple,224,224
fruit_dataset\apple\Apple_61.jpg,Apple_61.jpg,apple,224,224
fruit_dataset\apple\Apple_610.jpg,Apple_610.jpg,apple,224,224
fruit_dataset\apple\Apple_611.jpg,Apple_611.jpg,apple,224,224
fruit_dataset\apple\Apple_612.jpg,Apple_612.jpg,apple,224,224
fruit_dataset\apple\Apple_613.jpg,Apple_613.jpg,apple,224,224
fruit_dataset\apple\Apple_614.jpg,Apple_614.jpg,apple,224,224
fruit_dataset\apple\Apple_615.jpg,Apple_615.jpg,apple,224,224
fruit_dataset\apple\Apple_616.jpg,Apple_616.jpg,apple,224,224
fruit_dataset\apple\Apple_617.jpg,Apple_617.jpg,apple,224,224
fruit_dataset\apple\Apple_618.jpg,Apple_618.jpg,apple,224,224
fruit_dataset\apple\Apple_619.jpg,Apple_619.jpg,apple,224,224
fruit_dataset\apple\Apple_62.jpeg,Apple_62.jpeg,apple,224,224
fruit_dataset\apple\Apple_620.jpg,Apple_620.jpg,apple,224,224
fruit_dataset\apple\Apple_621.png,Apple_621.png,apple,224,224
fruit_dataset\apple\Apple_622.jpg,Apple_622.jpg,apple,224,224
fruit_dataset\apple\Apple_623.jpg,Apple_623.jpg,apple,224,224
fruit_dataset\apple\Apple_624.jpg,Apple_624.jpg,apple,224,224
fruit_dataset\apple\Apple_625.jpg,Apple_625.jpg,apple,224,224
fruit_dataset\apple\Apple_626.jpg,Apple_626.jpg,apple,224,224
fruit_dataset\apple\Apple_627.jpg,Apple_627.jpg,apple,224,224
fruit_dataset\apple\Apple_628.jpg,Apple_628.jpg,apple,224,224
fruit_dataset\apple\Apple_629.jpg,Apple_629.jpg,apple,224,224
fruit_dataset\apple\Apple_63.jpg,Apple_63.jpg,apple,224,224
fruit_dataset\apple\Apple_630.jpg,Apple_630.jpg,apple,224,224
fruit_dataset\apple\Apple_631.jpg,Apple_631.jpg,apple,224,224
fruit_dataset\apple\Apple_632.jpg,Apple_632.jpg,apple,224,224
fruit_dataset\apple\Apple_633.jpg,Apple_633.jpg,apple,224,224
fruit_dataset\apple\Apple_634.jpg,Apple_634.jpg,apple,224,224
fruit_dataset\apple\Apple_635.jpg,Apple_635.jpg,apple,224,224
fruit_dataset\apple\Apple_636.jpg,Apple_636.jpg,apple,224,224
fruit_dataset\apple\Apple_637.jpg,Apple_637.jpg,apple,224,224
fruit_dataset\apple\Apple_638.jpg,Apple_638.jpg,apple,224,224
fruit_dataset\apple\Apple_639.jpg,Apple_639.jpg,apple,224,224
fruit_dataset\apple\Apple_64.jpg,Apple_64.jpg,apple,224,224
fruit_dataset\apple\Apple_640.jpg,Apple_640.jpg,apple,224,224
fruit_dataset\apple\Apple_641.jpg,Apple_641.jpg,apple,224,224
fruit_dataset\apple\Apple_642.jpg,Apple_642.jpg,apple,224,224
fruit_dataset\apple\Apple_643.jpg,Apple_643.jpg,apple,224,224
fruit_dataset\apple\Apple_644.jpg,Apple_644.jpg,apple,224,224
fruit_dataset\apple\Apple_645.jpg,Apple_645.jpg,apple,224,224
fruit_dataset\apple\Apple_646.jpg,Apple_646.jpg,apple,224,224
fruit_dataset\apple\Apple_647.jpg,Apple_647.jpg,apple,224,224
fruit_dataset\apple\Apple_648.jpg,Apple_648.jpg,apple,224,224
fruit_dataset\apple\Apple_649.jpg,Apple_649.jpg,apple,224,224
fruit_dataset\apple\Apple_65.jpg,Apple_65.jpg,apple,224,224
fruit_dataset\apple\Apple_650.jpg,Apple_650.jpg,apple,224,224
fruit_dataset\apple\Apple_651.jpg,Apple_651.jpg,apple,224,224
fruit_dataset\apple\Apple_652.jpg,Apple_652.jpg,apple,224,224
fruit_dataset\apple\Apple_653.jpg,Apple_653.jpg,apple,224,224
fruit_dataset\apple\Apple_654.jpg,Apple_654.jpg,apple,224,224
fruit_dataset\apple\Apple_655.jpeg,Apple_655.jpeg,apple,224,224
fruit_dataset\apple\Apple_656.jpg,Apple_656.jpg,apple,224,224
fruit_dataset\apple\Apple_657.jpg,Apple_657.jpg,apple,224,224
fruit_dataset\apple\Apple_658.jpg,Apple_658.jpg,apple,224,224
fruit_dataset\apple\Apple_659.jpg,Apple_659.jpg,apple,224,224
fruit_dataset\apple\Apple_66.jpg,Apple_66.jpg,apple,224,224
fruit_dataset\apple\Apple_660.jpg,Apple_660.jpg,apple,224,224
fruit_dataset\apple\Apple_661.jpg,Apple_661.jpg,apple,224,224
fruit_dataset\apple\Apple_662.jpg,Apple_662.jpg,apple,224,224
fruit_dataset\apple\Apple_663.jpg,Apple_663.jpg,apple,224,224
fruit_dataset\apple\Apple_664.jpg,Apple_664.jpg,apple,224,224
fruit_dataset\apple\Apple_665.jpg,Apple_665.jpg,apple,224,224
fruit_dataset\apple\Apple_666.jpg,Apple_666.jpg,apple,224,224
fruit_dataset\apple\Apple_667.jpg,Apple_667.jpg,apple,224,224
fruit_dataset\apple\Apple_668.jpg,Apple_668.jpg,apple,224,224
fruit_dataset\apple\Apple_669.jpg,Apple_669.jpg,apple,224,224
fruit_dataset\apple\Apple_67.jpg,Apple_67.jpg,apple,224,224
fruit_dataset\apple\Apple_670.jpg,Apple_670.jpg,apple,224,224
fruit_dataset\apple\Apple_671.jpg,Apple_671.jpg,apple,224,224
fruit_dataset\apple\Apple_672.jpg,Apple_672.jpg,apple,224,224
fruit_dataset\apple\Apple_673.jpg,Apple_673.jpg,apple,224,224
fruit_dataset\apple\Apple_674.jpg,Apple_674.jpg,apple,224,224
fruit_dataset\apple\Apple_675.jpg,Apple_675.jpg,apple,224,224
fruit_dataset\apple\Apple_676.jpg,Apple_676.jpg,apple,224,224
fruit_dataset\apple\Apple_677.jpg,Apple_677.jpg,apple,224,224
fruit_dataset\apple\Apple_678.jpg,Apple_678.jpg,apple,224,224
fruit_dataset\apple\Apple_679.jpg,Apple_679.jpg,apple,224,224
fruit_dataset\apple\Apple_68.jpg,Apple_68.jpg,apple,224,224
fruit_dataset\apple\Apple_680.jpg,Apple_680.jpg,apple,224,224
fruit_dataset\apple\Apple_681.jpg,Apple_681.jpg,apple,224,224
fruit_dataset\apple\Apple_682.jpg,Apple_682.jpg,apple,224,224
fruit_dataset\apple\Apple_683.jpg,Apple_683.jpg,apple,224,224
fruit_dataset\apple\Apple_684.jpg,Apple_684.jpg,apple,224,224
fruit_dataset\apple\Apple_685.jpg,Apple_685.jpg,apple,224,224
fruit_dataset\apple\Apple_686.jpg,Apple_686.jpg,apple,224,224
fruit_dataset\apple\Apple_687.jpg,Apple_687.jpg,apple,224,224
fruit_dataset\apple\Apple_688.jpg,Apple_688.jpg,apple,224,224
fruit_dataset\apple\Apple_689.jpg,Apple_689.jpg,apple,224,224
fruit_dataset\apple\Apple_69.jpg,Apple_69.jpg,apple,224,224
fruit_dataset\apple\Apple_690.jpg,Apple_690.jpg,apple,224,224
fruit_dataset\apple\Apple_691.jpg,Apple_691.jpg,apple,224,224
fruit_dataset\apple\Apple_692.jpg,Apple_692.jpg,apple,224,224
fruit_dataset\apple\Apple_693.jpg,Apple_693.jpg,apple,224,224
fruit_dataset\apple\Apple_694.jpg,Apple_694.jpg,apple,224,224
fruit_dataset\apple\Apple_695.jpg,Apple_695.jpg,apple,224,224
fruit_dataset\apple\Apple_696.jpg,Apple_696.jpg,apple,224,224
fruit_dataset\apple\Apple_697.jpg,Apple_697.jpg,apple,224,224
fruit_dataset\apple\Apple_698.jpg,Apple_698.jpg,apple,224,224
fruit_dataset\apple\Apple_699.jpg,Apple_699.jpg,apple,224,224
fruit_dataset\apple\Apple_7.jpg,Apple_7.jpg,apple,224,224
fruit_dataset\apple\Apple_70.jpg,Apple_70.jpg,apple,224,224
fruit_dataset\apple\Apple_700.jpg,Apple_700.jpg,apple,224,224
fruit_dataset\apple\Apple_701.jpg,Apple_701.jpg,apple,224,224
fruit_dataset\apple\Apple_702.jpg,Apple_702.jpg,apple,224,224
fruit_dataset\apple\Apple_703.jpg,Apple_703.jpg,apple,224,224
fruit_dataset\apple\Apple_704.jpg,Apple_704.jpg,apple,224,224
fruit_dataset\apple\Apple_705.jpg,Apple_705.jpg,apple,224,224
fruit_dataset\apple\Apple_706.jpg,Apple_706.jpg,apple,224,224
fruit_dataset\apple\Apple_707.jpg,Apple_707.jpg,apple,224,224
fruit_dataset\apple\Apple_708.jpg,Apple_708.jpg,apple,224,224
fruit_dataset\apple\Apple_709.jpg,Apple_709.jpg,apple,224,224
fruit_dataset\apple\Apple_71.jpeg,Apple_71.jpeg,apple,224,224
fruit_dataset\apple\Apple_710.jpg,Apple_710.jpg,apple,224,224
fruit_dataset\apple\Apple_711.jpg,Apple_711.jpg,apple,224,224
fruit_dataset\apple\Apple_712.jpg,Apple_712.jpg,apple,224,224
fruit_dataset\apple\Apple_713.jpg,Apple_713.jpg,apple,224,224
fruit_dataset\apple\Apple_714.jpg,Apple_714.jpg,apple,224,224
fruit_dataset\apple\Apple_715.jpg,Apple_715.jpg,apple,224,224
fruit_dataset\apple\Apple_716.jpg,Apple_716.jpg,apple,224,224
fruit_dataset\apple\Apple_717.jpg,Apple_717.jpg,apple,224,224
fruit_dataset\apple\Apple_718.jpg,Apple_718.jpg,apple,224,224
fruit_dataset\apple\Apple_719.jpg,Apple_719.jpg,apple,224,224
fruit_dataset\apple\Apple_72.jpg,Apple_72.jpg,apple,224,224
fruit_dataset\apple\Apple_720.jpg,Apple_720.jpg,apple,224,224
fruit_dataset\apple\Apple_721.jpg,Apple_721.jpg,apple,224,224
fruit_dataset\apple\Apple_722.jpg,Apple_722.jpg,apple,224,224
fruit_dataset\apple\Apple_723.jpg,Apple_723.jpg,apple,224,224
fruit_dataset\apple\Apple_724.jpg,Apple_724.jpg,apple,224,224
fruit_dataset\apple\Apple_725.jpg,Apple_725.jpg,apple,224,224
fruit_dataset\apple\Apple_726.jpg,Apple_726.jpg,apple,224,224
fruit_dataset\apple\Apple_727.jpg,Apple_727.jpg,apple,224,224
fruit_dataset\apple\Apple_728.jpg,Apple_728.jpg,apple,224,224
fruit_dataset\apple\Apple_729.jpg,Apple_729.jpg,apple,224,224
fruit_dataset\apple\Apple_73.jpg,Apple_73.jpg,apple,224,224
fruit_dataset\apple\Apple_730.jpg,Apple_730.jpg,apple,224,224
fruit_dataset\apple\Apple_731.jpg,Apple_731.jpg,apple,224,224
fruit_dataset\apple\Apple_732.jpg,Apple_732.jpg,apple,224,224
fruit_dataset\apple\Apple_733.jpg,Apple_733.jpg,apple,224,224
fruit_dataset\apple\Apple_734.jpg,Apple_734.jpg,apple,224,224
fruit_dataset\apple\Apple_735.jpg,Apple_735.jpg,apple,224,224
fruit_dataset\apple\Apple_736.jpg,Apple_736.jpg,apple,224,224
fruit_dataset\apple\Apple_737.jpg,Apple_737.jpg,apple,224,224
fruit_dataset\apple\Apple_738.jpg,Apple_738.jpg,apple,224,224
fruit_dataset\apple\Apple_739.jpg,Apple_739.jpg,apple,224,224
fruit_dataset\apple\Apple_74.jpg,Apple_74.jpg,apple,224,224
fruit_dataset\apple\Apple_740.jpg,Apple_740.jpg,apple,224,224
fruit_dataset\apple\Apple_741.png,Apple_741.png,apple,224,224
fruit_dataset\apple\Apple_742.jpg,Apple_742.jpg,apple,224,224
fruit_dataset\apple\Apple_743.jpg,Apple_743.jpg,apple,224,224
fruit_dataset\apple\Apple_744.jpg,Apple_744.jpg,apple,224,224
fruit_dataset\apple\Apple_745.jpg,Apple_745.jpg,apple,224,224
fruit_dataset\apple\Apple_746.jpg,Apple_746.jpg,apple,224,224
fruit_dataset\apple\Apple_747.jpg,Apple_747.jpg,apple,224,224
fruit_dataset\apple\Apple_748.jpg,Apple_748.jpg,apple,224,224
fruit_dataset\apple\Apple_749.jpg,Apple_749.jpg,apple,224,224
fruit_dataset\apple\Apple_75.jpg,Apple_75.jpg,apple,224,224
fruit_dataset\apple\Apple_750.jpg,Apple_750.jpg,apple,224,224
fruit_dataset\apple\Apple_751.jpg,Apple_751.jpg,apple,224,224
fruit_dataset\apple\Apple_752.jpg,Apple_752.jpg,apple,224,224
fruit_dataset\apple\Apple_753.jpg,Apple_753.jpg,apple,224,224
fruit_dataset\apple\Apple_754.jpg,Apple_754.jpg,apple,224,224
fruit_dataset\apple\Apple_755.jpg,Apple_755.jpg,apple,224,224
fruit_dataset\apple\Apple_756.jpg,Apple_756.jpg,apple,224,224
fruit_dataset\apple\Apple_757.jpg,Apple_757.jpg,apple,224,224
fruit_dataset\apple\Apple_758.jpg,Apple_758.jpg,apple,224,224
fruit_dataset\apple\Apple_759.jpg,Apple_759.jpg,apple,224,224
fruit_dataset\apple\Apple_76.jpg,Apple_76.jpg,apple,224,224
fruit_dataset\apple\Apple_760.jpg,Apple_760.jpg,apple,224,224
fruit_dataset\apple\Apple_761.jpg,Apple_761.jpg,apple,224,224
fruit_dataset\apple\Apple_762.jpg,Apple_762.jpg,apple,224,224
fruit_dataset\apple\Apple_763.jpg,Apple_763.jpg,apple,224,224
fruit_dataset\apple\Apple_764.jpg,Apple_764.jpg,apple,224,224
fruit_dataset\apple\Apple_765.jpg,Apple_765.jpg,apple,224,224
fruit_dataset\apple\Apple_766.jpg,Apple_766.jpg,apple,224,224
fruit_dataset\apple\Apple_767.jpg,Apple_767.jpg,apple,224,224
fruit_dataset\apple\Apple_768.jpg,Apple_768.jpg,apple,224,224
fruit_dataset\apple\Apple_769.jpg,Apple_769.jpg,apple,224,224
fruit_dataset\apple\Apple_77.jpg,Apple_77.jpg,apple,224,224
fruit_dataset\apple\Apple_770.png,Apple_770.png,apple,224,224
fruit_dataset\apple\Apple_771.jpg,Apple_771.jpg,apple,224,224
fruit_dataset\apple\Apple_772.jpg,Apple_772.jpg,apple,224,224
fruit_dataset\apple\Apple_773.jpg,Apple_773.jpg,apple,224,224
fruit_dataset\apple\Apple_774.jpg,Apple_774.jpg,apple,224,224
fruit_dataset\apple\Apple_775.jpg,Apple_775.jpg,apple,224,224
fruit_dataset\apple\Apple_776.jpg,Apple_776.jpg,apple,224,224
fruit_dataset\apple\Apple_777.jpg,Apple_777.jpg,apple,224,224
fruit_dataset\apple\Apple_778.jpg,Apple_778.jpg,apple,224,224
fruit_dataset\apple\Apple_779.jpg,Apple_779.jpg,apple,224,224
fruit_dataset\apple\Apple_78.jpg,Apple_78.jpg,apple,224,224
fruit_dataset\apple\Apple_780.jpg,Apple_780.jpg,apple,224,224
fruit_dataset\apple\Apple_781.jpg,Apple_781.jpg,apple,224,224
fruit_dataset\apple\Apple_782.jpg,Apple_782.jpg,apple,224,224
fruit_dataset\apple\Apple_783.jpg,Apple_783.jpg,apple,224,224
fruit_dataset\apple\Apple_784.jpg,Apple_784.jpg,apple,224,224
fruit_dataset\apple\Apple_785.jpg,Apple_785.jpg,apple,224,224
fruit_dataset\apple\Apple_786.jpg,Apple_786.jpg,apple,224,224
fruit_dataset\apple\Apple_787.jpg,Apple_787.jpg,apple,224,224
fruit_dataset\apple\Apple_788.jpg,Apple_788.jpg,apple,224,224
fruit_dataset\apple\Apple_789.jpg,Apple_789.jpg,apple,224,224
fruit_dataset\apple\Apple_79.jpg,Apple_79.jpg,apple,224,224
fruit_dataset\apple\Apple_790.jpg,Apple_790.jpg,apple,224,224
fruit_dataset\apple\Apple_791.jpg,Apple_791.jpg,apple,224,224
fruit_dataset\apple\Apple_792.jpg,Apple_792.jpg,apple,224,224
fruit_dataset\apple\Apple_793.jpg,Apple_793.jpg,apple,224,224
fruit_dataset\apple\Apple_794.jpg,Apple_794.jpg,apple,224,224
fruit_dataset\apple\Apple_795.jpg,Apple_795.jpg,apple,224,224
fruit_dataset\apple\Apple_796.jpg,Apple_796.jpg,apple,224,224
fruit_dataset\apple\Apple_797.jpg,Apple_797.jpg,apple,224,224
fruit_dataset\apple\Apple_798.jpg,Apple_798.jpg,apple,224,224
fruit_dataset\apple\Apple_799.jpg,Apple_799.jpg,apple,224,224
fruit_dataset\apple\Apple_8.jpg,Apple_8.jpg,apple,224,224
fruit_dataset\apple\Apple_80.jpeg,Apple_80.jpeg,apple,224,224
fruit_dataset\apple\Apple_800.jpg,Apple_800.jpg,apple,224,224
fruit_dataset\apple\Apple_801.jpg,Apple_801.jpg,apple,224,224
fruit_dataset\apple\Apple_802.jpg,Apple_802.jpg,apple,224,224
fruit_dataset\apple\Apple_803.jpg,Apple_803.jpg,apple,224,224
fruit_dataset\apple\Apple_804.jpg,Apple_804.jpg,apple,224,224
fruit_dataset\apple\Apple_805.jpg,Apple_805.jpg,apple,224,224
fruit_dataset\apple\Apple_806.jpg,Apple_806.jpg,apple,224,224
fruit_dataset\apple\Apple_807.jpg,Apple_807.jpg,apple,224,224
fruit_dataset\apple\Apple_808.jpg,Apple_808.jpg,apple,224,224
fruit_dataset\apple\Apple_809.jpg,Apple_809.jpg,apple,224,224
fruit_dataset\apple\Apple_81.jpg,Apple_81.jpg,apple,224,224
fruit_dataset\apple\Apple_810.jpg,Apple_810.jpg,apple,224,224
fruit_dataset\apple\Apple_811.jpg,Apple_811.jpg,apple,224,224
fruit_dataset\apple\Apple_812.jpg,Apple_812.jpg,apple,224,224
fruit_dataset\apple\Apple_813.jpg,Apple_813.jpg,apple,224,224
fruit_dataset\apple\Apple_814.jpg,Apple_814.jpg,apple,224,224
fruit_dataset\apple\Apple_815.jpg,Apple_815.jpg,apple,224,224
fruit_dataset\apple\Apple_816.jpg,Apple_816.jpg,apple,224,224
fruit_dataset\apple\Apple_817.jpg,Apple_817.jpg,apple,224,224
fruit_dataset\apple\Apple_818.jpg,Apple_818.jpg,apple,224,224
fruit_dataset\apple\Apple_819.jpg,Apple_819.jpg,apple,224,224
fruit_dataset\apple\Apple_82.jpg,Apple_82.jpg,apple,224,224
fruit_dataset\apple\Apple_820.jpg,Apple_820.jpg,apple,224,224
fruit_dataset\apple\Apple_821.jpg,Apple_821.jpg,apple,224,224
fruit_dataset\apple\Apple_822.jpg,Apple_822.jpg,apple,224,224
fruit_dataset\apple\Apple_823.jpg,Apple_823.jpg,apple,224,224
fruit_dataset\apple\Apple_824.jpg,Apple_824.jpg,apple,224,224
fruit_dataset\apple\Apple_825.jpg,Apple_825.jpg,apple,224,224
fruit_dataset\apple\Apple_826.jpg,Apple_826.jpg,apple,224,224
fruit_dataset\apple\Apple_827.jpg,Apple_827.jpg,apple,224,224
fruit_dataset\apple\Apple_828.jpg,Apple_828.jpg,apple,224,224
fruit_dataset\apple\Apple_829.jpg,Apple_829.jpg,apple,224,224
fruit_dataset\apple\Apple_83.jpg,Apple_83.jpg,apple,224,224
fruit_dataset\apple\Apple_830.jpg,Apple_830.jpg,apple,224,224
fruit_dataset\apple\Apple_831.jpg,Apple_831.jpg,apple,224,224
fruit_dataset\apple\Apple_832.jpg,Apple_832.jpg,apple,224,224
fruit_dataset\apple\Apple_833.jpg,Apple_833.jpg,apple,224,224
fruit_dataset\apple\Apple_834.jpg,Apple_834.jpg,apple,224,224
fruit_dataset\apple\Apple_835.jpg,Apple_835.jpg,apple,224,224
fruit_dataset\apple\Apple_836.jpg,Apple_836.jpg,apple,224,224
fruit_dataset\apple\Apple_837.jpg,Apple_837.jpg,apple,224,224
fruit_dataset\apple\Apple_838.jpg,Apple_838.jpg,apple,224,224
fruit_dataset\apple\Apple_839.jpg,Apple_839.jpg,apple,224,224
fruit_dataset\apple\Apple_84.jpeg,Apple_84.jpeg,apple,224,224
fruit_dataset\apple\Apple_840.jpg,Apple_840.jpg,apple,224,224
fruit_dataset\apple\Apple_841.jpg,Apple_841.jpg,apple,224,224
fruit_dataset\apple\Apple_842.jpg,Apple_842.jpg,apple,224,224
fruit_dataset\apple\Apple_843.jpg,Apple_843.jpg,apple,224,224
fruit_dataset\apple\Apple_844.jpg,Apple_844.jpg,apple,224,224
fruit_dataset\apple\Apple_845.jpg,Apple_845.jpg,apple,224,224
fruit_dataset\apple\Apple_846.jpg,Apple_846.jpg,apple,224,224
fruit_dataset\apple\Apple_847.jpg,Apple_847.jpg,apple,224,224
fruit_dataset\apple\Apple_848.jpg,Apple_848.jpg,apple,224,224
fruit_dataset\apple\Apple_849.jpg,Apple_849.jpg,apple,224,224
fruit_dataset\apple\Apple_85.jpg,Apple_85.jpg,apple,224,224
fruit_dataset\apple\Apple_850.jpg,Apple_850.jpg,apple,224,224
fruit_dataset\apple\Apple_851.jpg,Apple_851.jpg,apple,224,224
fruit_dataset\apple\Apple_852.jpg,Apple_852.jpg,apple,224,224
fruit_dataset\apple\Apple_853.jpg,Apple_853.jpg,apple,224,224
fruit_dataset\apple\Apple_854.jpg,Apple_854.jpg,apple,224,224
fruit_dataset\apple\Apple_855.jpg,Apple_855.jpg,apple,224,224
fruit_dataset\apple\Apple_856.jpg,Apple_856.jpg,apple,224,224
fruit_dataset\apple\Apple_857.jpg,Apple_857.jpg,apple,224,224
fruit_dataset\apple\Apple_858.jpg,Apple_858.jpg,apple,224,224
fruit_dataset\apple\Apple_859.jpg,Apple_859.jpg,apple,224,224
fruit_dataset\apple\Apple_86.jpg,Apple_86.jpg,apple,224,224
fruit_dataset\apple\Apple_860.jpg,Apple_860.jpg,apple,224,224
fruit_dataset\apple\Apple_861.jpg,Apple_861.jpg,apple,224,224
fruit_dataset\apple\Apple_862.jpg,Apple_862.jpg,apple,224,224
fruit_dataset\apple\Apple_863.jpg,Apple_863.jpg,apple,224,224
fruit_dataset\apple\Apple_864.jpg,Apple_864.jpg,apple,224,224
fruit_dataset\apple\Apple_865.jpg,Apple_865.jpg,apple,224,224
fruit_dataset\apple\Apple_866.jpg,Apple_866.jpg,apple,224,224
fruit_dataset\apple\Apple_867.jpg,Apple_867.jpg,apple,224,224
fruit_dataset\apple\Apple_868.jpg,Apple_868.jpg,apple,224,224
fruit_dataset\apple\Apple_869.jpg,Apple_869.jpg,apple,224,224
fruit_dataset\apple\Apple_87.jpg,Apple_87.jpg,apple,224,224
fruit_dataset\apple\Apple_870.jpg,Apple_870.jpg,apple,224,224
fruit_dataset\apple\Apple_871.jpg,Apple_871.jpg,apple,224,224
fruit_dataset\apple\Apple_872.jpg,Apple_872.jpg,apple,224,224
fruit_dataset\apple\Apple_873.jpg,Apple_873.jpg,apple,224,224
fruit_dataset\apple\Apple_874.jpg,Apple_874.jpg,apple,224,224
fruit_dataset\apple\Apple_875.jpg,Apple_875.jpg,apple,224,224
fruit_dataset\apple\Apple_876.jpg,Apple_876.jpg,apple,224,224
fruit_dataset\apple\Apple_877.jpg,Apple_877.jpg,apple,224,224
fruit_dataset\apple\Apple_878.jpg,Apple_878.jpg,apple,224,224
fruit_dataset\apple\Apple_879.jpg,Apple_879.jpg,apple,224,224
fruit_dataset\apple\Apple_88.jpg,Apple_88.jpg,apple,224,224
fruit_dataset\apple\Apple_880.jpg,Apple_880.jpg,apple,224,224
fruit_dataset\apple\Apple_881.jpg,Apple_881.jpg,apple,224,224
fruit_dataset\apple\Apple_882.jpg,Apple_882.jpg,apple,224,224
fruit_dataset\apple\Apple_883.jpg,Apple_883.jpg,apple,224,224
fruit_dataset\apple\Apple_884.jpg,Apple_884.jpg,apple,224,224
fruit_dataset\apple\Apple_885.jpg,Apple_885.jpg,apple,224,224
fruit_dataset\apple\Apple_886.jpg,Apple_886.jpg,apple,224,224
fruit_dataset\apple\Apple_887.jpg,Apple_887.jpg,apple,224,224
fruit_dataset\apple\Apple_888.jpg,Apple_888.jpg,apple,224,224
fruit_dataset\apple\Apple_889.jpg,Apple_889.jpg,apple,224,224
fruit_dataset\apple\Apple_89.jpg,Apple_89.jpg,apple,224,224
fruit_dataset\apple\Apple_890.jpg,Apple_890.jpg,apple,224,224
fruit_dataset\apple\Apple_891.jpg,Apple_891.jpg,apple,224,224
fruit_dataset\apple\Apple_892.jpg,Apple_892.jpg,apple,224,224
fruit_dataset\apple\Apple_893.jpg,Apple_893.jpg,apple,224,224
fruit_dataset\apple\Apple_894.jpg,Apple_894.jpg,apple,224,224
fruit_dataset\apple\Apple_895.jpg,Apple_895.jpg,apple,224,224
fruit_dataset\apple\Apple_896.jpg,Apple_896.jpg,apple,224,224
fruit_dataset\apple\Apple_897.jpg,Apple_897.jpg,apple,224,224
fruit_dataset\apple\Apple_898.jpg,Apple_898.jpg,apple,224,224
fruit_dataset\apple\Apple_899.jpg,Apple_899.jpg,apple,224,224
fruit_dataset\apple\Apple_9.jpg,Apple_9.jpg,apple,224,224
fruit_dataset\apple\Apple_90.jpg,Apple_90.jpg,apple,224,224
fruit_dataset\apple\Apple_900.jpg,Apple_900.jpg,apple,224,224
fruit_dataset\apple\Apple_901.jpg,Apple_901.jpg,apple,224,224
fruit_dataset\apple\Apple_902.jpg,Apple_902.jpg,apple,224,224
fruit_dataset\apple\Apple_903.jpg,Apple_903.jpg,apple,224,224
fruit_dataset\apple\Apple_904.jpg,Apple_904.jpg,apple,224,224
fruit_dataset\apple\Apple_905.jpg,Apple_905.jpg,apple,224,224
fruit_dataset\apple\Apple_906.jpg,Apple_906.jpg,apple,224,224
fruit_dataset\apple\Apple_907.jpg,Apple_907.jpg,apple,224,224
fruit_dataset\apple\Apple_908.jpg,Apple_908.jpg,apple,224,224
fruit_dataset\apple\Apple_909.jpg,Apple_909.jpg,apple,224,224
fruit_dataset\apple\Apple_91.jpg,Apple_91.jpg,apple,224,224
fruit_dataset\apple\Apple_910.jpg,Apple_910.jpg,apple,224,224
fruit_dataset\apple\Apple_911.jpg,Apple_911.jpg,apple,224,224
fruit_dataset\apple\Apple_912.jpg,Apple_912.jpg,apple,224,224
fruit_dataset\apple\Apple_913.jpg,Apple_913.jpg,apple,224,224
fruit_dataset\apple\Apple_914.jpg,Apple_914.jpg,apple,224,224
fruit_dataset\apple\Apple_915.jpg,Apple_915.jpg,apple,224,224
fruit_dataset\apple\Apple_916.jpg,Apple_916.jpg,apple,224,224
fruit_dataset\apple\Apple_917.jpg,Apple_917.jpg,apple,224,224
fruit_dataset\apple\Apple_918.jpg,Apple_918.jpg,apple,224,224
fruit_dataset\apple\Apple_919.jpg,Apple_919.jpg,apple,224,224
fruit_dataset\apple\Apple_92.jpg,Apple_92.jpg,apple,224,224
fruit_dataset\apple\Apple_920.jpg,Apple_920.jpg,apple,224,224
fruit_dataset\apple\Apple_921.jpg,Apple_921.jpg,apple,224,224
fruit_dataset\apple\Apple_922.jpg,Apple_922.jpg,apple,224,224
fruit_dataset\apple\Apple_923.jpg,Apple_923.jpg,apple,224,224
fruit_dataset\apple\Apple_924.jpg,Apple_924.jpg,apple,224,224
fruit_dataset\apple\Apple_925.jpg,Apple_925.jpg,apple,224,224
fruit_dataset\apple\Apple_926.jpg,Apple_926.jpg,apple,224,224
fruit_dataset\apple\Apple_927.jpg,Apple_927.jpg,apple,224,224
fruit_dataset\apple\Apple_928.jpg,Apple_928.jpg,apple,224,224
fruit_dataset\apple\Apple_929.jpg,Apple_929.jpg,apple,224,224
fruit_dataset\apple\Apple_93.jpg,Apple_93.jpg,apple,224,224
fruit_dataset\apple\Apple_930.jpg,Apple_930.jpg,apple,224,224
fruit_dataset\apple\Apple_931.jpg,Apple_931.jpg,apple,224,224
fruit_dataset\apple\Apple_932.jpg,Apple_932.jpg,apple,224,224
fruit_dataset\apple\Apple_933.jpg,Apple_933.jpg,apple,224,224
fruit_dataset\apple\Apple_934.jpg,Apple_934.jpg,apple,224,224
fruit_dataset\apple\Apple_935.jpg,Apple_935.jpg,apple,224,224
fruit_dataset\apple\Apple_936.jpg,Apple_936.jpg,apple,224,224
fruit_dataset\apple\Apple_937.jpg,Apple_937.jpg,apple,224,224
fruit_dataset\apple\Apple_938.jpg,Apple_938.jpg,apple,224,224
fruit_dataset\apple\Apple_939.jpg,Apple_939.jpg,apple,224,224
fruit_dataset\apple\Apple_94.jpg,Apple_94.jpg,apple,224,224
fruit_dataset\apple\Apple_940.jpg,Apple_940.jpg,apple,224,224
fruit_dataset\apple\Apple_941.jpg,Apple_941.jpg,apple,224,224
fruit_dataset\apple\Apple_942.jpg,Apple_942.jpg,apple,224,224
fruit_dataset\apple\Apple_943.jpg,Apple_943.jpg,apple,224,224
fruit_dataset\apple\Apple_944.jpg,Apple_944.jpg,apple,224,224
fruit_dataset\apple\Apple_945.jpg,Apple_945.jpg,apple,224,224
fruit_dataset\apple\Apple_946.jpg,Apple_946.jpg,apple,224,224
fruit_dataset\apple\Apple_947.jpg,Apple_947.jpg,apple,224,224
fruit_dataset\apple\Apple_948.jpg,Apple_948.jpg,apple,224,224
fruit_dataset\apple\Apple_949.jpg,Apple_949.jpg,apple,224,224
fruit_dataset\apple\Apple_95.jpg,Apple_95.jpg,apple,224,224
fruit_dataset\apple\Apple_950.jpg,Apple_950.jpg,apple,224,224
fruit_dataset\apple\Apple_951.jpg,Apple_951.jpg,apple,224,224
fruit_dataset\apple\Apple_952.jpg,Apple_952.jpg,apple,224,224
fruit_dataset\apple\Apple_953.jpg,Apple_953.jpg,apple,224,224
fruit_dataset\apple\Apple_954.jpg,Apple_954.jpg,apple,224,224
fruit_dataset\apple\Apple_955.jpg,Apple_955.jpg,apple,224,224
fruit_dataset\apple\Apple_956.jpg,Apple_956.jpg,apple,224,224
fruit_dataset\apple\Apple_957.jpg,Apple_957.jpg,apple,224,224
fruit_dataset\apple\Apple_958.jpg,Apple_958.jpg,apple,224,224
fruit_dataset\apple\Apple_959.jpg,Apple_959.jpg,apple,224,224
fruit_dataset\apple\Apple_96.jpg,Apple_96.jpg,apple,224,224
fruit_dataset\apple\Apple_960.jpg,Apple_960.jpg,apple,224,224
fruit_dataset\apple\Apple_961.jpg,Apple_961.jpg,apple,224,224
fruit_dataset\apple\Apple_962.jpg,Apple_962.jpg,apple,224,224
fruit_dataset\apple\Apple_963.jpg,Apple_963.jpg,apple,224,224
fruit_dataset\apple\Apple_964.jpg,Apple_964.jpg,apple,224,224
fruit_dataset\apple\Apple_965.jpg,Apple_965.jpg,apple,224,224
fruit_dataset\apple\Apple_966.jpg,Apple_966.jpg,apple,224,224
fruit_dataset\apple\Apple_967.jpg,Apple_967.jpg,apple,224,224
fruit_dataset\apple\Apple_968.jpg,Apple_968.jpg,apple,224,224
fruit_dataset\apple\Apple_969.jpg,Apple_969.jpg,apple,224,224
fruit_dataset\apple\Apple_97.jpg,Apple_97.jpg,apple,224,224
fruit_dataset\apple\Apple_970.jpg,Apple_970.jpg,apple,224,224
fruit_dataset\apple\Apple_971.jpg,Apple_971.jpg,apple,224,224
fruit_dataset\apple\Apple_972.jpg,Apple_972.jpg,apple,224,224
fruit_dataset\apple\Apple_973.jpg,Apple_973.jpg,apple,224,224
fruit_dataset\apple\Apple_974.jpg,Apple_974.jpg,apple,224,224
fruit_dataset\apple\Apple_975.jpg,Apple_975.jpg,apple,224,224
fruit_dataset\apple\Apple_976.jpg,Apple_976.jpg,apple,224,224
fruit_dataset\apple\Apple_977.jpg,Apple_977.jpg,apple,224,224
fruit_dataset\apple\Apple_978.jpg,Apple_978.jpg,apple,224,224
fruit_dataset\apple\Apple_979.jpg,Apple_979.jpg,apple,224,224
fruit_dataset\apple\Apple_98.jpg,Apple_98.jpg,apple,224,224
fruit_dataset\apple\Apple_980.jpg,Apple_980.jpg,apple,224,224
fruit_dataset\apple\Apple_981.jpg,Apple_981.jpg,apple,224,224
fruit_dataset\apple\Apple_982.jpg,Apple_982.jpg,apple,224,224
fruit_dataset\apple\Apple_983.jpg,Apple_983.jpg,apple,224,224
fruit_dataset\apple\Apple_984.jpg,Apple_984.jpg,apple,224,224
fruit_dataset\apple\Apple_985.jpg,Apple_985.jpg,apple,224,224
fruit_dataset\apple\Apple_986.jpg,Apple_986.jpg,apple,224,224
fruit_dataset\apple\Apple_987.jpg,Apple_987.jpg,apple,224,224
fruit_dataset\apple\Apple_988.jpg,Apple_988.jpg,apple,224,224
fruit_dataset\apple\Apple_989.jpg,Apple_989.jpg,apple,224,224
fruit_dataset\apple\Apple_99.jpg,Apple_99.jpg,apple,224,224
fruit_dataset\apple\Apple_990.jpg,Apple_990.jpg,apple,224,224
fruit_dataset\apple\Apple_991.jpg,Apple_991.jpg,apple,224,224
fruit_dataset\apple\Apple_992.jpg,Apple_992.jpg,apple,224,224
fruit_dataset\apple\Apple_993.jpg,Apple_993.jpg,apple,224,224
fruit_dataset\apple\Apple_994.jpg,Apple_994.jpg,apple,224,224
fruit_dataset\apple\Apple_995.jpg,Apple_995.jpg,apple,224,224
fruit_dataset\apple\Apple_996.jpg,Apple_996.jpg,apple,224,224
fruit_dataset\apple\Apple_997.jpg,Apple_997.jpg,apple,224,224
fruit_dataset\apple\Apple_998.jpg,Apple_998.jpg,apple,224,224
fruit_dataset\apple\Apple_999.jpg,Apple_999.jpg,apple,224,224
fruit_dataset\banana\Banana_1.jpg,Banana_1.jpg,banana,224,224
fruit_dataset\banana\Banana_10.jpg,Banana_10.jpg,banana,224,224
fruit_dataset\banana\Banana_100.jpeg,Banana_100.jpeg,banana,224,224
fruit_dataset\banana\Banana_1000.jpg,Banana_1000.jpg,banana,224,224
fruit_dataset\banana\Banana_1001.jpg,Banana_1001.jpg,banana,224,224
fruit_dataset\banana\Banana_1002.jpg,Banana_1002.jpg,banana,224,224
fruit_dataset\banana\Banana_1003.jpg,Banana_1003.jpg,banana,224,224
fruit_dataset\banana\Banana_1004.jpg,Banana_1004.jpg,banana,224,224
fruit_dataset\banana\Banana_1005.jpg,Banana_1005.jpg,banana,224,224
fruit_dataset\banana\Banana_1006.jpg,Banana_1006.jpg,banana,224,224
fruit_dataset\banana\Banana_1007.jpg,Banana_1007.jpg,banana,224,224
fruit_dataset\banana\Banana_1008.jpg,Banana_1008.jpg,banana,224,224
fruit_dataset\banana\Banana_1009.jpg,Banana_1009.jpg,banana,224,224
fruit_dataset\banana\Banana_101.jpg,Banana_101.jpg,banana,224,224
fruit_dataset\banana\Banana_1010.jpg,Banana_1010.jpg,banana,224,224
fruit_dataset\banana\Banana_1011.jpg,Banana_1011.jpg,banana,224,224
fruit_dataset\banana\Banana_1012.jpg,Banana_1012.jpg,banana,224,224
fruit_dataset\banana\Banana_1013.jpg,Banana_1013.jpg,banana,224,224
fruit_dataset\banana\Banana_1014.jpg,Banana_1014.jpg,banana,224,224
fruit_dataset\banana\Banana_1015.jpg,Banana_1015.jpg,banana,224,224
fruit_dataset\banana\Banana_1016.jpg,Banana_1016.jpg,banana,224,224
fruit_dataset\banana\Banana_1017.jpg,Banana_1017.jpg,banana,224,224
fruit_dataset\banana\Banana_1018.jpg,Banana_1018.jpg,banana,224,224
fruit_dataset\banana\Banana_1019.jpg,Banana_1019.jpg,banana,224,224
fruit_dataset\banana\Banana_102.jpg,Banana_102.jpg,banana,224,224
fruit_dataset\banana\Banana_1020.jpg,Banana_1020.jpg,banana,224,224
fruit_dataset\banana\Banana_1021.jpg,Banana_1021.jpg,banana,224,224
fruit_dataset\banana\Banana_1022.jpg,Banana_1022.jpg,banana,224,224
fruit_dataset\banana\Banana_1023.jpg,Banana_1023.jpg,banana,224,224
fruit_dataset\banana\Banana_1024.jpg,Banana_1024.jpg,banana,224,224
fruit_dataset\banana\Banana_1025.jpg,Banana_1025.jpg,banana,224,224
fruit_dataset\banana\Banana_1026.jpg,Banana_1026.jpg,banana,224,224
fruit_dataset\banana\Banana_1027.jpg,Banana_1027.jpg,banana,224,224
fruit_dataset\banana\Banana_1028.jpg,Banana_1028.jpg,banana,224,224
fruit_dataset\banana\Banana_1029.jpg,Banana_1029.jpg,banana,224,224
fruit_dataset\banana\Banana_103.jpg,Banana_103.jpg,banana,224,224
fruit_dataset\banana\Banana_1030.jpg,Banana_1030.jpg,banana,224,224
fruit_dataset\banana\Banana_1031.jpg,Banana_1031.jpg,banana,224,224
fruit_dataset\banana\Banana_1032.jpg,Banana_1032.jpg,banana,224,224
fruit_dataset\banana\Banana_1033.jpg,Banana_1033.jpg,banana,224,224
fruit_dataset\banana\Banana_1034.jpg,Banana_1034.jpg,banana,224,224
fruit_dataset\banana\Banana_1035.jpg,Banana_1035.jpg,banana,224,224
fruit_dataset\banana\Banana_1036.jpg,Banana_1036.jpg,banana,224,224
fruit_dataset\banana\Banana_1037.jpg,Banana_1037.jpg,banana,224,224
fruit_dataset\banana\Banana_1038.jpg,Banana_1038.jpg,banana,224,224
fruit_dataset\banana\Banana_1039.jpg,Banana_1039.jpg,banana,224,224
fruit_dataset\banana\Banana_104.jpg,Banana_104.jpg,banana,224,224
fruit_dataset\banana\Banana_1040.jpg,Banana_1040.jpg,banana,224,224
fruit_dataset\banana\Banana_1041.jpg,Banana_1041.jpg,banana,224,224
fruit_dataset\banana\Banana_1042.jpg,Banana_1042.jpg,banana,224,224
fruit_dataset\banana\Banana_1043.jpg,Banana_1043.jpg,banana,224,224
fruit_dataset\banana\Banana_1044.jpg,Banana_1044.jpg,banana,224,224
fruit_dataset\banana\Banana_1045.jpg,Banana_1045.jpg,banana,224,224
fruit_dataset\banana\Banana_1046.jpg,Banana_1046.jpg,banana,224,224
fruit_dataset\banana\Banana_1047.jpg,Banana_1047.jpg,banana,224,224
fruit_dataset\banana\Banana_1048.jpg,Banana_1048.jpg,banana,224,224
fruit_dataset\banana\Banana_1049.jpg,Banana_1049.jpg,banana,224,224
fruit_dataset\banana\Banana_105.jpg,Banana_105.jpg,banana,224,224
fruit_dataset\banana\Banana_1050.jpg,Banana_1050.jpg,banana,224,224
fruit_dataset\banana\Banana_1051.jpg,Banana_1051.jpg,banana,224,224
fruit_dataset\banana\Banana_1052.jpg,Banana_1052.jpg,banana,224,224
fruit_dataset\banana\Banana_1053.jpg,Banana_1053.jpg,banana,224,224
fruit_dataset\banana\Banana_1054.jpg,Banana_1054.jpg,banana,224,224
fruit_dataset\banana\Banana_1055.jpg,Banana_1055.jpg,banana,224,224
fruit_dataset\banana\Banana_1056.jpg,Banana_1056.jpg,banana,224,224
fruit_dataset\banana\Banana_1057.jpg,Banana_1057.jpg,banana,224,224
fruit_dataset\banana\Banana_1058.jpg,Banana_1058.jpg,banana,224,224
fruit_dataset\banana\Banana_1059.jpg,Banana_1059.jpg,banana,224,224
fruit_dataset\banana\Banana_106.jpg,Banana_106.jpg,banana,224,224
fruit_dataset\banana\Banana_1060.jpg,Banana_1060.jpg,banana,224,224
fruit_dataset\banana\Banana_1061.jpg,Banana_1061.jpg,banana,224,224
fruit_dataset\banana\Banana_1062.jpg,Banana_1062.jpg,banana,224,224
fruit_dataset\banana\Banana_1063.jpg,Banana_1063.jpg,banana,224,224
fruit_dataset\banana\Banana_1064.jpg,Banana_1064.jpg,banana,224,224
fruit_dataset\banana\Banana_1065.jpg,Banana_1065.jpg,banana,224,224
fruit_dataset\banana\Banana_1066.jpg,Banana_1066.jpg,banana,224,224
fruit_dataset\banana\Banana_1067.jpg,Banana_1067.jpg,banana,224,224
fruit_dataset\banana\Banana_1068.jpg,Banana_1068.jpg,banana,224,224
fruit_dataset\banana\Banana_1069.jpg,Banana_1069.jpg,banana,224,224
fruit_dataset\banana\Banana_107.jpg,Banana_107.jpg,banana,224,224
fruit_dataset\banana\Banana_1070.jpg,Banana_1070.jpg,banana,224,224
fruit_dataset\banana\Banana_1071.jpg,Banana_1071.jpg,banana,224,224
fruit_dataset\banana\Banana_1072.jpg,Banana_1072.jpg,banana,224,224
fruit_dataset\banana\Banana_1073.jpg,Banana_1073.jpg,banana,224,224
fruit_dataset\banana\Banana_1074.jpg,Banana_1074.jpg,banana,224,224
fruit_dataset\banana\Banana_1075.jpg,Banana_1075.jpg,banana,224,224
fruit_dataset\banana\Banana_1076.jpg,Banana_1076.jpg,banana,224,224
fruit_dataset\banana\Banana_1077.jpg,Banana_1077.jpg,banana,224,224
fruit_dataset\banana\Banana_1078.jpg,Banana_1078.jpg,banana,224,224
fruit_dataset\banana\Banana_1079.jpg,Banana_1079.jpg,banana,224,224
fruit_dataset\banana\Banana_108.jpg,Banana_108.jpg,banana,224,224
fruit_dataset\banana\Banana_1080.jpg,Banana_1080.jpg,banana,224,224
fruit_dataset\banana\Banana_1081.jpg,Banana_1081.jpg,banana,224,224
fruit_dataset\banana\Banana_1082.jpg,Banana_1082.jpg,banana,224,224
fruit_dataset\banana\Banana_1083.jpg,Banana_1083.jpg,banana,224,224
fruit_dataset\banana\Banana_1084.jpg,Banana_1084.jpg,banana,224,224
fruit_dataset\banana\Banana_1085.jpg,Banana_1085.jpg,banana,224,224
fruit_dataset\banana\Banana_1086.jpg,Banana_1086.jpg,banana,224,224
fruit_dataset\banana\Banana_1087.jpg,Banana_1087.jpg,banana,224,224
fruit_dataset\banana\Banana_1088.jpg,Banana_1088.jpg,banana,224,224
fruit_dataset\banana\Banana_1089.jpg,Banana_1089.jpg,banana,224,224
fruit_dataset\banana\Banana_109.jpg,Banana_109.jpg,banana,224,224
fruit_dataset\banana\Banana_1090.jpg,Banana_1090.jpg,banana,224,224
fruit_dataset\banana\Banana_1091.jpg,Banana_1091.jpg,banana,224,224
fruit_dataset\banana\Banana_1092.jpg,Banana_1092.jpg,banana,224,224
fruit_dataset\banana\Banana_1093.jpg,Banana_1093.jpg,banana,224,224
fruit_dataset\banana\Banana_1094.jpg,Banana_1094.jpg,banana,224,224
fruit_dataset\banana\Banana_1095.jpg,Banana_1095.jpg,banana,224,224
fruit_dataset\banana\Banana_1096.jpg,Banana_1096.jpg,banana,224,224
fruit_dataset\banana\Banana_1097.jpg,Banana_1097.jpg,banana,224,224
fruit_dataset\banana\Banana_1098.jpg,Banana_1098.jpg,banana,224,224
fruit_dataset\banana\Banana_1099.jpg,Banana_1099.jpg,banana,224,224
fruit_dataset\banana\Banana_11.jpg,Banana_11.jpg,banana,224,224
fruit_dataset\banana\Banana_110.png,Banana_110.png,banana,224,224
fruit_dataset\banana\Banana_1100.jpg,Banana_1100.jpg,banana,224,224
fruit_dataset\banana\Banana_1101.jpg,Banana_1101.jpg,banana,224,224
fruit_dataset\banana\Banana_1102.jpg,Banana_1102.jpg,banana,224,224
fruit_dataset\banana\Banana_1103.jpg,Banana_1103.jpg,banana,224,224
fruit_dataset\banana\Banana_1104.jpg,Banana_1104.jpg,banana,224,224
fruit_dataset\banana\Banana_1105.jpg,Banana_1105.jpg,banana,224,224
fruit_dataset\banana\Banana_1106.jpg,Banana_1106.jpg,banana,224,224
fruit_dataset\banana\Banana_1107.jpg,Banana_1107.jpg,banana,224,224
fruit_dataset\banana\Banana_1108.jpg,Banana_1108.jpg,banana,224,224
fruit_dataset\banana\Banana_1109.jpg,Banana_1109.jpg,banana,224,224
fruit_dataset\banana\Banana_111.jpg,Banana_111.jpg,banana,224,224
fruit_dataset\banana\Banana_1110.jpg,Banana_1110.jpg,banana,224,224
fruit_dataset\banana\Banana_1111.jpg,Banana_1111.jpg,banana,224,224
fruit_dataset\banana\Banana_1112.jpg,Banana_1112.jpg,banana,224,224
fruit_dataset\banana\Banana_1113.jpg,Banana_1113.jpg,banana,224,224
fruit_dataset\banana\Banana_1114.jpg,Banana_1114.jpg,banana,224,224
fruit_dataset\banana\Banana_1115.jpg,Banana_1115.jpg,banana,224,224
fruit_dataset\banana\Banana_1116.jpg,Banana_1116.jpg,banana,224,224
fruit_dataset\banana\Banana_1117.jpg,Banana_1117.jpg,banana,224,224
fruit_dataset\banana\Banana_1118.jpg,Banana_1118.jpg,banana,224,224
fruit_dataset\banana\Banana_1119.jpg,Banana_1119.jpg,banana,224,224
fruit_dataset\banana\Banana_112.jpg,Banana_112.jpg,banana,224,224
fruit_dataset\banana\Banana_1120.jpg,Banana_1120.jpg,banana,224,224
fruit_dataset\banana\Banana_1121.jpg,Banana_1121.jpg,banana,224,224
fruit_dataset\banana\Banana_1122.jpg,Banana_1122.jpg,banana,224,224
fruit_dataset\banana\Banana_1123.jpg,Banana_1123.jpg,banana,224,224
fruit_dataset\banana\Banana_1124.jpg,Banana_1124.jpg,banana,224,224
fruit_dataset\banana\Banana_1125.jpg,Banana_1125.jpg,banana,224,224
fruit_dataset\banana\Banana_1126.jpg,Banana_1126.jpg,banana,224,224
fruit_dataset\banana\Banana_1127.jpg,Banana_1127.jpg,banana,224,224
fruit_dataset\banana\Banana_1128.jpg,Banana_1128.jpg,banana,224,224
fruit_dataset\banana\Banana_1129.jpg,Banana_1129.jpg,banana,224,224
fruit_dataset\banana\Banana_113.jpg,Banana_113.jpg,banana,224,224
fruit_dataset\banana\Banana_1130.jpg,Banana_1130.jpg,banana,224,224
fruit_dataset\banana\Banana_1131.jpg,Banana_1131.jpg,banana,224,224
fruit_dataset\banana\Banana_1132.jpg,Banana_1132.jpg,banana,224,224
fruit_dataset\banana\Banana_1133.jpg,Banana_1133.jpg,banana,224,224
fruit_dataset\banana\Banana_1134.jpg,Banana_1134.jpg,banana,224,224
fruit_dataset\banana\Banana_1135.jpg,Banana_1135.jpg,banana,224,224
fruit_dataset\banana\Banana_1136.jpg,Banana_1136.jpg,banana,224,224
fruit_dataset\banana\Banana_1137.jpg,Banana_1137.jpg,banana,224,224
fruit_dataset\banana\Banana_1138.jpg,Banana_1138.jpg,banana,224,224
fruit_dataset\banana\Banana_1139.jpg,Banana_1139.jpg,banana,224,224
fruit_dataset\banana\Banana_114.jpg,Banana_114.jpg,banana,224,224
fruit_dataset\banana\Banana_1140.jpg,Banana_1140.jpg,banana,224,224
fruit_dataset\banana\Banana_1141.jpg,Banana_1141.jpg,banana,224,224
fruit_dataset\banana\Banana_1142.jpg,Banana_1142.jpg,banana,224,224
fruit_dataset\banana\Banana_1143.jpg,Banana_1143.jpg,banana,224,224
fruit_dataset\banana\Banana_1144.jpg,Banana_1144.jpg,banana,224,224
fruit_dataset\banana\Banana_1145.jpg,Banana_1145.jpg,banana,224,224
fruit_dataset\banana\Banana_1146.jpg,Banana_1146.jpg,banana,224,224
fruit_dataset\banana\Banana_1147.jpg,Banana_1147.jpg,banana,224,224
fruit_dataset\banana\Banana_1148.jpg,Banana_1148.jpg,banana,224,224
fruit_dataset\banana\Banana_1149.jpg,Banana_1149.jpg,banana,224,224
fruit_dataset\banana\Banana_115.jpg,Banana_115.jpg,banana,224,224
fruit_dataset\banana\Banana_1150.jpg,Banana_1150.jpg,banana,224,224
fruit_dataset\banana\Banana_1151.jpg,Banana_1151.jpg,banana,224,224
fruit_dataset\banana\Banana_1152.jpg,Banana_1152.jpg,banana,224,224
fruit_dataset\banana\Banana_1153.jpg,Banana_1153.jpg,banana,224,224
fruit_dataset\banana\Banana_1154.jpg,Banana_1154.jpg,banana,224,224
fruit_dataset\banana\Banana_1155.jpg,Banana_1155.jpg,banana,224,224
fruit_dataset\banana\Banana_1156.jpg,Banana_1156.jpg,banana,224,224
fruit_dataset\banana\Banana_1157.jpg,Banana_1157.jpg,banana,224,224
fruit_dataset\banana\Banana_1158.jpg,Banana_1158.jpg,banana,224,224
fruit_dataset\banana\Banana_1159.jpg,Banana_1159.jpg,banana,224,224
fruit_dataset\banana\Banana_116.png,Banana_116.png,banana,224,224
fruit_dataset\banana\Banana_1160.jpg,Banana_1160.jpg,banana,224,224
fruit_dataset\banana\Banana_1161.jpg,Banana_1161.jpg,banana,224,224
fruit_dataset\banana\Banana_1162.jpg,Banana_1162.jpg,banana,224,224
fruit_dataset\banana\Banana_1163.jpg,Banana_1163.jpg,banana,224,224
fruit_dataset\banana\Banana_1164.jpg,Banana_1164.jpg,banana,224,224
fruit_dataset\banana\Banana_1165.jpg,Banana_1165.jpg,banana,224,224
fruit_dataset\banana\Banana_1166.jpg,Banana_1166.jpg,banana,224,224
fruit_dataset\banana\Banana_1167.jpg,Banana_1167.jpg,banana,224,224
fruit_dataset\banana\Banana_1168.jpg,Banana_1168.jpg,banana,224,224
fruit_dataset\banana\Banana_1169.jpg,Banana_1169.jpg,banana,224,224
fruit_dataset\banana\Banana_117.png,Banana_117.png,banana,224,224
fruit_dataset\banana\Banana_1170.jpg,Banana_1170.jpg,banana,224,224
fruit_dataset\banana\Banana_1171.jpg,Banana_1171.jpg,banana,224,224
fruit_dataset\banana\Banana_1172.jpg,Banana_1172.jpg,banana,224,224
fruit_dataset\banana\Banana_1173.jpg,Banana_1173.jpg,banana,224,224
fruit_dataset\banana\Banana_1174.jpg,Banana_1174.jpg,banana,224,224
fruit_dataset\banana\Banana_1175.jpg,Banana_1175.jpg,banana,224,224
fruit_dataset\banana\Banana_1176.jpg,Banana_1176.jpg,banana,224,224
fruit_dataset\banana\Banana_1177.jpg,Banana_1177.jpg,banana,224,224
fruit_dataset\banana\Banana_1178.jpg,Banana_1178.jpg,banana,224,224
fruit_dataset\banana\Banana_1179.jpg,Banana_1179.jpg,banana,224,224
fruit_dataset\banana\Banana_118.png,Banana_118.png,banana,224,224
fruit_dataset\banana\Banana_1180.jpg,Banana_1180.jpg,banana,224,224
fruit_dataset\banana\Banana_1181.jpg,Banana_1181.jpg,banana,224,224
fruit_dataset\banana\Banana_1182.jpg,Banana_1182.jpg,banana,224,224
fruit_dataset\banana\Banana_1183.jpg,Banana_1183.jpg,banana,224,224
fruit_dataset\banana\Banana_1184.jpg,Banana_1184.jpg,banana,224,224
fruit_dataset\banana\Banana_1185.jpg,Banana_1185.jpg,banana,224,224
fruit_dataset\banana\Banana_1186.jpg,Banana_1186.jpg,banana,224,224
fruit_dataset\banana\Banana_1187.jpg,Banana_1187.jpg,banana,224,224
fruit_dataset\banana\Banana_1188.jpg,Banana_1188.jpg,banana,224,224
fruit_dataset\banana\Banana_1189.jpg,Banana_1189.jpg,banana,224,224
fruit_dataset\banana\Banana_119.jpg,Banana_119.jpg,banana,224,224
fruit_dataset\banana\Banana_1190.jpg,Banana_1190.jpg,banana,224,224
fruit_dataset\banana\Banana_1191.jpg,Banana_1191.jpg,banana,224,224
fruit_dataset\banana\Banana_1192.jpg,Banana_1192.jpg,banana,224,224
fruit_dataset\banana\Banana_1193.jpg,Banana_1193.jpg,banana,224,224
fruit_dataset\banana\Banana_1194.jpg,Banana_1194.jpg,banana,224,224
fruit_dataset\banana\Banana_1195.jpg,Banana_1195.jpg,banana,224,224
fruit_dataset\banana\Banana_1196.jpg,Banana_1196.jpg,banana,224,224
fruit_dataset\banana\Banana_1197.jpg,Banana_1197.jpg,banana,224,224
fruit_dataset\banana\Banana_1198.jpg,Banana_1198.jpg,banana,224,224
fruit_dataset\banana\Banana_1199.jpg,Banana_1199.jpg,banana,224,224
fruit_dataset\banana\Banana_12.jpg,Banana_12.jpg,banana,224,224
fruit_dataset\banana\Banana_120.jpg,Banana_120.jpg,banana,224,224
fruit_dataset\banana\Banana_1200.jpg,Banana_1200.jpg,banana,224,224
fruit_dataset\banana\Banana_1201.jpg,Banana_1201.jpg,banana,224,224
fruit_dataset\banana\Banana_1202.jpg,Banana_1202.jpg,banana,224,224
fruit_dataset\banana\Banana_1203.jpg,Banana_1203.jpg,banana,224,224
fruit_dataset\banana\Banana_1204.jpg,Banana_1204.jpg,banana,224,224
fruit_dataset\banana\Banana_1205.jpg,Banana_1205.jpg,banana,224,224
fruit_dataset\banana\Banana_1206.jpg,Banana_1206.jpg,banana,224,224
fruit_dataset\banana\Banana_1207.jpg,Banana_1207.jpg,banana,224,224
fruit_dataset\banana\Banana_1208.jpg,Banana_1208.jpg,banana,224,224
fruit_dataset\banana\Banana_1209.jpg,Banana_1209.jpg,banana,224,224
fruit_dataset\banana\Banana_121.jpg,Banana_121.jpg,banana,224,224
fruit_dataset\banana\Banana_1210.jpg,Banana_1210.jpg,banana,224,224
fruit_dataset\banana\Banana_1211.jpg,Banana_1211.jpg,banana,224,224
fruit_dataset\banana\Banana_1212.jpg,Banana_1212.jpg,banana,224,224
fruit_dataset\banana\Banana_1213.jpg,Banana_1213.jpg,banana,224,224
fruit_dataset\banana\Banana_1214.jpg,Banana_1214.jpg,banana,224,224
fruit_dataset\banana\Banana_1215.jpg,Banana_1215.jpg,banana,224,224
fruit_dataset\banana\Banana_1216.jpg,Banana_1216.jpg,banana,224,224
fruit_dataset\banana\Banana_1217.jpg,Banana_1217.jpg,banana,224,224
fruit_dataset\banana\Banana_1218.jpg,Banana_1218.jpg,banana,224,224
fruit_dataset\banana\Banana_1219.jpg,Banana_1219.jpg,banana,224,224
fruit_dataset\banana\Banana_122.jpg,Banana_122.jpg,banana,224,224
fruit_dataset\banana\Banana_1220.jpg,Banana_1220.jpg,banana,224,224
fruit_dataset\banana\Banana_1221.jpg,Banana_1221.jpg,banana,224,224
fruit_dataset\banana\Banana_1222.jpg,Banana_1222.jpg,banana,224,224
fruit_dataset\banana\Banana_1223.jpg,Banana_1223.jpg,banana,224,224
fruit_dataset\banana\Banana_1224.jpg,Banana_1224.jpg,banana,224,224
fruit_dataset\banana\Banana_1225.jpg,Banana_1225.jpg,banana,224,224
fruit_dataset\banana\Banana_1226.jpg,Banana_1226.jpg,banana,224,224
fruit_dataset\banana\Banana_1227.jpg,Banana_1227.jpg,banana,224,224
fruit_dataset\banana\Banana_1228.jpg,Banana_1228.jpg,banana,224,224
fruit_dataset\banana\Banana_1229.jpg,Banana_1229.jpg,banana,224,224
fruit_dataset\banana\Banana_123.jpg,Banana_123.jpg,banana,224,224
fruit_dataset\banana\Banana_1230.jpg,Banana_1230.jpg,banana,224,224
fruit_dataset\banana\Banana_1231.jpg,Banana_1231.jpg,banana,224,224
fruit_dataset\banana\Banana_1232.jpg,Banana_1232.jpg,banana,224,224
fruit_dataset\banana\Banana_1233.jpg,Banana_1233.jpg,banana,224,224
fruit_dataset\banana\Banana_1234.jpg,Banana_1234.jpg,banana,224,224
fruit_dataset\banana\Banana_1235.jpg,Banana_1235.jpg,banana,224,224
fruit_dataset\banana\Banana_1236.jpg,Banana_1236.jpg,banana,224,224
fruit_dataset\banana\Banana_1237.jpg,Banana_1237.jpg,banana,224,224
fruit_dataset\banana\Banana_1238.jpg,Banana_1238.jpg,banana,224,224
fruit_dataset\banana\Banana_1239.jpg,Banana_1239.jpg,banana,224,224
fruit_dataset\banana\Banana_124.jpg,Banana_124.jpg,banana,224,224
fruit_dataset\banana\Banana_1240.jpg,Banana_1240.jpg,banana,224,224
fruit_dataset\banana\Banana_1241.jpg,Banana_1241.jpg,banana,224,224
fruit_dataset\banana\Banana_1242.jpg,Banana_1242.jpg,banana,224,224
fruit_dataset\banana\Banana_1243.jpg,Banana_1243.jpg,banana,224,224
fruit_dataset\banana\Banana_1244.jpg,Banana_1244.jpg,banana,224,224
fruit_dataset\banana\Banana_1245.jpg,Banana_1245.jpg,banana,224,224
fruit_dataset\banana\Banana_1246.jpg,Banana_1246.jpg,banana,224,224
fruit_dataset\banana\Banana_1247.jpg,Banana_1247.jpg,banana,224,224
fruit_dataset\banana\Banana_1248.jpg,Banana_1248.jpg,banana,224,224
fruit_dataset\banana\Banana_1249.jpg,Banana_1249.jpg,banana,224,224
fruit_dataset\banana\Banana_125.jpg,Banana_125.jpg,banana,224,224
fruit_dataset\banana\Banana_1250.jpg,Banana_1250.jpg,banana,224,224
fruit_dataset\banana\Banana_1251.jpg,Banana_1251.jpg,banana,224,224
fruit_dataset\banana\Banana_1252.jpg,Banana_1252.jpg,banana,224,224
fruit_dataset\banana\Banana_1253.jpg,Banana_1253.jpg,banana,224,224
fruit_dataset\banana\Banana_1254.jpg,Banana_1254.jpg,banana,224,224
fruit_dataset\banana\Banana_1255.jpg,Banana_1255.jpg,banana,224,224
fruit_dataset\banana\Banana_1256.jpg,Banana_1256.jpg,banana,224,224
fruit_dataset\banana\Banana_1257.jpg,Banana_1257.jpg,banana,224,224
fruit_dataset\banana\Banana_1258.jpg,Banana_1258.jpg,banana,224,224
fruit_dataset\banana\Banana_1259.jpg,Banana_1259.jpg,banana,224,224
fruit_dataset\banana\Banana_126.jpg,Banana_126.jpg,banana,224,224
fruit_dataset\banana\Banana_1260.jpg,Banana_1260.jpg,banana,224,224
fruit_dataset\banana\Banana_1261.jpg,Banana_1261.jpg,banana,224,224
fruit_dataset\banana\Banana_1262.jpg,Banana_1262.jpg,banana,224,224
fruit_dataset\banana\Banana_1263.jpg,Banana_1263.jpg,banana,224,224
fruit_dataset\banana\Banana_1264.jpg,Banana_1264.jpg,banana,224,224
fruit_dataset\banana\Banana_1265.jpg,Banana_1265.jpg,banana,224,224
fruit_dataset\banana\Banana_1266.jpg,Banana_1266.jpg,banana,224,224
fruit_dataset\banana\Banana_1267.jpg,Banana_1267.jpg,banana,224,224
fruit_dataset\banana\Banana_1268.jpg,Banana_1268.jpg,banana,224,224
fruit_dataset\banana\Banana_1269.jpg,Banana_1269.jpg,banana,224,224
fruit_dataset\banana\Banana_127.jpg,Banana_127.jpg,banana,224,224
fruit_dataset\banana\Banana_1270.jpg,Banana_1270.jpg,banana,224,224
fruit_dataset\banana\Banana_1271.jpg,Banana_1271.jpg,banana,224,224
fruit_dataset\banana\Banana_1272.jpg,Banana_1272.jpg,banana,224,224
fruit_dataset\banana\Banana_1273.jpg,Banana_1273.jpg,banana,224,224
fruit_dataset\banana\Banana_1274.jpg,Banana_1274.jpg,banana,224,224
fruit_dataset\banana\Banana_1275.jpg,Banana_1275.jpg,banana,224,224
fruit_dataset\banana\Banana_1276.jpg,Banana_1276.jpg,banana,224,224
fruit_dataset\banana\Banana_1277.jpg,Banana_1277.jpg,banana,224,224
fruit_dataset\banana\Banana_1278.jpg,Banana_1278.jpg,banana,224,224
fruit_dataset\banana\Banana_1279.jpg,Banana_1279.jpg,banana,224,224
fruit_dataset\banana\Banana_128.jpg,Banana_128.jpg,banana,224,224
fruit_dataset\banana\Banana_1280.jpg,Banana_1280.jpg,banana,224,224
fruit_dataset\banana\Banana_1281.jpg,Banana_1281.jpg,banana,224,224
fruit_dataset\banana\Banana_1282.jpg,Banana_1282.jpg,banana,224,224
fruit_dataset\banana\Banana_1283.jpg,Banana_1283.jpg,banana,224,224
fruit_dataset\banana\Banana_1284.jpg,Banana_1284.jpg,banana,224,224
fruit_dataset\banana\Banana_1285.jpg,Banana_1285.jpg,banana,224,224
fruit_dataset\banana\Banana_1286.jpg,Banana_1286.jpg,banana,224,224
fruit_dataset\banana\Banana_1287.jpg,Banana_1287.jpg,banana,224,224
fruit_dataset\banana\Banana_1288.jpg,Banana_1288.jpg,banana,224,224
fruit_dataset\banana\Banana_1289.jpg,Banana_1289.jpg,banana,224,224
fruit_dataset\banana\Banana_129.jpg,Banana_129.jpg,banana,224,224
fruit_dataset\banana\Banana_1290.jpg,Banana_1290.jpg,banana,224,224
fruit_dataset\banana\Banana_1291.jpg,Banana_1291.jpg,banana,224,224
fruit_dataset\banana\Banana_1292.jpg,Banana_1292.jpg,banana,224,224
fruit_dataset\banana\Banana_1293.jpg,Banana_1293.jpg,banana,224,224
fruit_dataset\banana\Banana_1294.jpg,Banana_1294.jpg,banana,224,224
fruit_dataset\banana\Banana_1295.jpg,Banana_1295.jpg,banana,224,224
fruit_dataset\banana\Banana_1296.jpg,Banana_1296.jpg,banana,224,224
fruit_dataset\banana\Banana_1297.jpg,Banana_1297.jpg,banana,224,224
fruit_dataset\banana\Banana_1298.jpg,Banana_1298.jpg,banana,224,224
fruit_dataset\banana\Banana_1299.jpg,Banana_1299.jpg,banana,224,224
fruit_dataset\banana\Banana_13.jpg,Banana_13.jpg,banana,224,224
fruit_dataset\banana\Banana_130.jpg,Banana_130.jpg,banana,224,224
fruit_dataset\banana\Banana_1300.jpg,Banana_1300.jpg,banana,224,224
fruit_dataset\banana\Banana_1301.jpg,Banana_1301.jpg,banana,224,224
fruit_dataset\banana\Banana_1302.jpg,Banana_1302.jpg,banana,224,224
fruit_dataset\banana\Banana_1303.jpg,Banana_1303.jpg,banana,224,224
fruit_dataset\banana\Banana_1304.jpg,Banana_1304.jpg,banana,224,224
fruit_dataset\banana\Banana_1305.jpg,Banana_1305.jpg,banana,224,224
fruit_dataset\banana\Banana_1306.jpg,Banana_1306.jpg,banana,224,224
fruit_dataset\banana\Banana_1307.jpg,Banana_1307.jpg,banana,224,224
fruit_dataset\banana\Banana_1308.jpg,Banana_1308.jpg,banana,224,224
fruit_dataset\banana\Banana_1309.jpg,Banana_1309.jpg,banana,224,224
fruit_dataset\banana\Banana_131.jpg,Banana_131.jpg,banana,224,224
fruit_dataset\banana\Banana_1310.jpg,Banana_1310.jpg,banana,224,224
fruit_dataset\banana\Banana_1311.jpg,Banana_1311.jpg,banana,224,224
fruit_dataset\banana\Banana_1312.jpg,Banana_1312.jpg,banana,224,224
fruit_dataset\banana\Banana_1313.jpg,Banana_1313.jpg,banana,224,224
fruit_dataset\banana\Banana_1314.jpg,Banana_1314.jpg,banana,224,224
fruit_dataset\banana\Banana_1315.jpg,Banana_1315.jpg,banana,224,224
fruit_dataset\banana\Banana_1316.jpg,Banana_1316.jpg,banana,224,224
fruit_dataset\banana\Banana_1317.jpg,Banana_1317.jpg,banana,224,224
fruit_dataset\banana\Banana_1318.jpg,Banana_1318.jpg,banana,224,224
fruit_dataset\banana\Banana_1319.jpg,Banana_1319.jpg,banana,224,224
fruit_dataset\banana\Banana_132.jpg,Banana_132.jpg,banana,224,224
fruit_dataset\banana\Banana_1320.jpg,Banana_1320.jpg,banana,224,224
fruit_dataset\banana\Banana_1321.jpg,Banana_1321.jpg,banana,224,224
fruit_dataset\banana\Banana_1322.jpg,Banana_1322.jpg,banana,224,224
fruit_dataset\banana\Banana_1323.jpg,Banana_1323.jpg,banana,224,224
fruit_dataset\banana\Banana_1324.jpg,Banana_1324.jpg,banana,224,224
fruit_dataset\banana\Banana_1325.jpg,Banana_1325.jpg,banana,224,224
fruit_dataset\banana\Banana_1326.jpg,Banana_1326.jpg,banana,224,224
fruit_dataset\banana\Banana_1327.jpg,Banana_1327.jpg,banana,224,224
fruit_dataset\banana\Banana_1328.jpg,Banana_1328.jpg,banana,224,224
fruit_dataset\banana\Banana_1329.jpg,Banana_1329.jpg,banana,224,224
fruit_dataset\banana\Banana_133.jpg,Banana_133.jpg,banana,224,224
fruit_dataset\banana\Banana_1330.jpg,Banana_1330.jpg,banana,224,224
fruit_dataset\banana\Banana_1331.jpg,Banana_1331.jpg,banana,224,224
fruit_dataset\banana\Banana_1332.jpg,Banana_1332.jpg,banana,224,224
fruit_dataset\banana\Banana_1333.jpg,Banana_1333.jpg,banana,224,224
fruit_dataset\banana\Banana_1334.jpg,Banana_1334.jpg,banana,224,224
fruit_dataset\banana\Banana_1335.jpg,Banana_1335.jpg,banana,224,224
fruit_dataset\banana\Banana_1336.jpg,Banana_1336.jpg,banana,224,224
fruit_dataset\banana\Banana_1337.jpg,Banana_1337.jpg,banana,224,224
fruit_dataset\banana\Banana_1338.jpg,Banana_1338.jpg,banana,224,224
fruit_dataset\banana\Banana_1339.jpg,Banana_1339.jpg,banana,224,224
fruit_dataset\banana\Banana_134.jpg,Banana_134.jpg,banana,224,224
fruit_dataset\banana\Banana_1340.jpg,Banana_1340.jpg,banana,224,224
fruit_dataset\banana\Banana_1341.jpg,Banana_1341.jpg,banana,224,224
fruit_dataset\banana\Banana_1342.jpg,Banana_1342.jpg,banana,224,224
fruit_dataset\banana\Banana_1343.jpg,Banana_1343.jpg,banana,224,224
fruit_dataset\banana\Banana_1344.jpg,Banana_1344.jpg,banana,224,224
fruit_dataset\banana\Banana_1345.jpg,Banana_1345.jpg,banana,224,224
fruit_dataset\banana\Banana_1346.jpg,Banana_1346.jpg,banana,224,224
fruit_dataset\banana\Banana_1347.jpg,Banana_1347.jpg,banana,224,224
fruit_dataset\banana\Banana_1348.jpg,Banana_1348.jpg,banana,224,224
fruit_dataset\banana\Banana_1349.jpg,Banana_1349.jpg,banana,224,224
fruit_dataset\banana\Banana_135.jpg,Banana_135.jpg,banana,224,224
fruit_dataset\banana\Banana_1350.jpg,Banana_1350.jpg,banana,224,224
fruit_dataset\banana\Banana_1351.jpg,Banana_1351.jpg,banana,224,224
fruit_dataset\banana\Banana_1352.jpg,Banana_1352.jpg,banana,224,224
fruit_dataset\banana\Banana_1353.jpg,Banana_1353.jpg,banana,224,224
fruit_dataset\banana\Banana_1354.jpg,Banana_1354.jpg,banana,224,224
fruit_dataset\banana\Banana_1355.jpg,Banana_1355.jpg,banana,224,224
fruit_dataset\banana\Banana_1356.jpg,Banana_1356.jpg,banana,224,224
fruit_dataset\banana\Banana_1357.jpg,Banana_1357.jpg,banana,224,224
fruit_dataset\banana\Banana_1358.jpg,Banana_1358.jpg,banana,224,224
fruit_dataset\banana\Banana_1359.jpg,Banana_1359.jpg,banana,224,224
fruit_dataset\banana\Banana_136.jpg,Banana_136.jpg,banana,224,224
fruit_dataset\banana\Banana_1360.jpg,Banana_1360.jpg,banana,224,224
fruit_dataset\banana\Banana_1361.jpg,Banana_1361.jpg,banana,224,224
fruit_dataset\banana\Banana_1362.jpg,Banana_1362.jpg,banana,224,224
fruit_dataset\banana\Banana_1363.jpg,Banana_1363.jpg,banana,224,224
fruit_dataset\banana\Banana_1364.jpg,Banana_1364.jpg,banana,224,224
fruit_dataset\banana\Banana_1365.jpg,Banana_1365.jpg,banana,224,224
fruit_dataset\banana\Banana_1366.jpg,Banana_1366.jpg,banana,224,224
fruit_dataset\banana\Banana_1367.jpg,Banana_1367.jpg,banana,224,224
fruit_dataset\banana\Banana_1368.jpg,Banana_1368.jpg,banana,224,224
fruit_dataset\banana\Banana_1369.jpg,Banana_1369.jpg,banana,224,224
fruit_dataset\banana\Banana_137.jpg,Banana_137.jpg,banana,224,224
fruit_dataset\banana\Banana_1370.jpg,Banana_1370.jpg,banana,224,224
fruit_dataset\banana\Banana_1371.jpg,Banana_1371.jpg,banana,224,224
fruit_dataset\banana\Banana_1372.jpg,Banana_1372.jpg,banana,224,224
fruit_dataset\banana\Banana_1373.jpg,Banana_1373.jpg,banana,224,224
fruit_dataset\banana\Banana_1374.jpg,Banana_1374.jpg,banana,224,224
fruit_dataset\banana\Banana_1375.jpg,Banana_1375.jpg,banana,224,224
fruit_dataset\banana\Banana_1376.jpg,Banana_1376.jpg,banana,224,224
fruit_dataset\banana\Banana_1377.jpg,Banana_1377.jpg,banana,224,224
fruit_dataset\banana\Banana_1378.jpg,Banana_1378.jpg,banana,224,224
fruit_dataset\banana\Banana_1379.jpg,Banana_1379.jpg,banana,224,224
fruit_dataset\banana\Banana_138.jpeg,Banana_138.jpeg,banana,224,224
fruit_dataset\banana\Banana_1380.jpg,Banana_1380.jpg,banana,224,224
fruit_dataset\banana\Banana_1381.jpg,Banana_1381.jpg,banana,224,224
fruit_dataset\banana\Banana_1382.jpg,Banana_1382.jpg,banana,224,224
fruit_dataset\banana\Banana_1383.jpg,Banana_1383.jpg,banana,224,224
fruit_dataset\banana\Banana_1384.jpg,Banana_1384.jpg,banana,224,224
fruit_dataset\banana\Banana_1385.jpg,Banana_1385.jpg,banana,224,224
fruit_dataset\banana\Banana_1386.jpg,Banana_1386.jpg,banana,224,224
fruit_dataset\banana\Banana_1387.jpg,Banana_1387.jpg,banana,224,224
fruit_dataset\banana\Banana_1388.jpg,Banana_1388.jpg,banana,224,224
fruit_dataset\banana\Banana_1389.jpg,Banana_1389.jpg,banana,224,224
fruit_dataset\banana\Banana_139.jpeg,Banana_139.jpeg,banana,224,224
fruit_dataset\banana\Banana_1390.jpg,Banana_1390.jpg,banana,224,224
fruit_dataset\banana\Banana_1391.jpg,Banana_1391.jpg,banana,224,224
fruit_dataset\banana\Banana_1392.jpg,Banana_1392.jpg,banana,224,224
fruit_dataset\banana\Banana_1393.jpg,Banana_1393.jpg,banana,224,224
fruit_dataset\banana\Banana_1394.jpg,Banana_1394.jpg,banana,224,224
fruit_dataset\banana\Banana_1395.jpeg,Banana_1395.jpeg,banana,224,224
fruit_dataset\banana\Banana_1396.jpg,Banana_1396.jpg,banana,224,224
fruit_dataset\banana\Banana_1397.jpg,Banana_1397.jpg,banana,224,224
fruit_dataset\banana\Banana_1398.jpg,Banana_1398.jpg,banana,224,224
fruit_dataset\banana\Banana_1399.jpg,Banana_1399.jpg,banana,224,224
fruit_dataset\banana\Banana_14.jpg,Banana_14.jpg,banana,224,224
fruit_dataset\banana\Banana_140.jpg,Banana_140.jpg,banana,224,224
fruit_dataset\banana\Banana_1400.jpg,Banana_1400.jpg,banana,224,224
fruit_dataset\banana\Banana_1401.jpg,Banana_1401.jpg,banana,224,224
fruit_dataset\banana\Banana_1402.jpg,Banana_1402.jpg,banana,224,224
fruit_dataset\banana\Banana_1403.jpg,Banana_1403.jpg,banana,224,224
fruit_dataset\banana\Banana_1404.jpg,Banana_1404.jpg,banana,224,224
fruit_dataset\banana\Banana_1405.jpg,Banana_1405.jpg,banana,224,224
fruit_dataset\banana\Banana_1406.jpg,Banana_1406.jpg,banana,224,224
fruit_dataset\banana\Banana_1407.jpg,Banana_1407.jpg,banana,224,224
fruit_dataset\banana\Banana_1408.jpg,Banana_1408.jpg,banana,224,224
fruit_dataset\banana\Banana_1409.jpg,Banana_1409.jpg,banana,224,224
fruit_dataset\banana\Banana_141.jpeg,Banana_141.jpeg,banana,224,224
fruit_dataset\banana\Banana_1410.jpg,Banana_1410.jpg,banana,224,224
fruit_dataset\banana\Banana_1411.jpg,Banana_1411.jpg,banana,224,224
fruit_dataset\banana\Banana_1412.jpg,Banana_1412.jpg,banana,224,224
fruit_dataset\banana\Banana_1413.jpg,Banana_1413.jpg,banana,224,224
fruit_dataset\banana\Banana_1414.jpg,Banana_1414.jpg,banana,224,224
fruit_dataset\banana\Banana_1415.jpg,Banana_1415.jpg,banana,224,224
fruit_dataset\banana\Banana_1416.jpg,Banana_1416.jpg,banana,224,224
fruit_dataset\banana\Banana_1417.jpg,Banana_1417.jpg,banana,224,224
fruit_dataset\banana\Banana_1418.jpg,Banana_1418.jpg,banana,224,224
fruit_dataset\banana\Banana_1419.jpg,Banana_1419.jpg,banana,224,224
fruit_dataset\banana\Banana_142.jpg,Banana_142.jpg,banana,224,224
fruit_dataset\banana\Banana_1420.jpg,Banana_1420.jpg,banana,224,224
fruit_dataset\banana\Banana_1421.jpeg,Banana_1421.jpeg,banana,224,224
fruit_dataset\banana\Banana_1422.jpeg,Banana_1422.jpeg,banana,224,224
fruit_dataset\banana\Banana_1423.jpeg,Banana_1423.jpeg,banana,224,224
fruit_dataset\banana\Banana_1424.jpeg,Banana_1424.jpeg,banana,224,224
fruit_dataset\banana\Banana_1425.jpg,Banana_1425.jpg,banana,224,224
fruit_dataset\banana\Banana_1426.jpg,Banana_1426.jpg,banana,224,224
fruit_dataset\banana\Banana_1427.jpg,Banana_1427.jpg,banana,224,224
fruit_dataset\banana\Banana_1428.jpg,Banana_1428.jpg,banana,224,224
fruit_dataset\banana\Banana_1429.jpg,Banana_1429.jpg,banana,224,224
fruit_dataset\banana\Banana_143.jpg,Banana_143.jpg,banana,224,224
fruit_dataset\banana\Banana_1430.jpg,Banana_1430.jpg,banana,224,224
fruit_dataset\banana\Banana_1431.jpg,Banana_1431.jpg,banana,224,224
fruit_dataset\banana\Banana_1432.jpg,Banana_1432.jpg,banana,224,224
fruit_dataset\banana\Banana_1433.jpg,Banana_1433.jpg,banana,224,224
fruit_dataset\banana\Banana_1434.jpg,Banana_1434.jpg,banana,224,224
fruit_dataset\banana\Banana_1435.jpg,Banana_1435.jpg,banana,224,224
fruit_dataset\banana\Banana_1436.jpeg,Banana_1436.jpeg,banana,224,224
fruit_dataset\banana\Banana_1437.jpg,Banana_1437.jpg,banana,224,224
fruit_dataset\banana\Banana_1438.jpg,Banana_1438.jpg,banana,224,224
fruit_dataset\banana\Banana_1439.jpg,Banana_1439.jpg,banana,224,224
fruit_dataset\banana\Banana_144.jpg,Banana_144.jpg,banana,224,224
fruit_dataset\banana\Banana_1440.jpg,Banana_1440.jpg,banana,224,224
fruit_dataset\banana\Banana_1441.jpeg,Banana_1441.jpeg,banana,224,224
fruit_dataset\banana\Banana_1442.jpg,Banana_1442.jpg,banana,224,224
fruit_dataset\banana\Banana_1443.png,Banana_1443.png,banana,224,224
fruit_dataset\banana\Banana_1444.jpg,Banana_1444.jpg,banana,224,224
fruit_dataset\banana\Banana_1445.jpg,Banana_1445.jpg,banana,224,224
fruit_dataset\banana\Banana_1446.jpeg,Banana_1446.jpeg,banana,224,224
fruit_dataset\banana\Banana_1447.jpg,Banana_1447.jpg,banana,224,224
fruit_dataset\banana\Banana_1448.jpg,Banana_1448.jpg,banana,224,224
fruit_dataset\banana\Banana_1449.jpg,Banana_1449.jpg,banana,224,224
fruit_dataset\banana\Banana_145.jpg,Banana_145.jpg,banana,224,224
fruit_dataset\banana\Banana_1450.jpg,Banana_1450.jpg,banana,224,224
fruit_dataset\banana\Banana_1451.jpg,Banana_1451.jpg,banana,224,224
fruit_dataset\banana\Banana_1452.jpg,Banana_1452.jpg,banana,224,224
fruit_dataset\banana\Banana_1453.jpg,Banana_1453.jpg,banana,224,224
fruit_dataset\banana\Banana_1454.jpg,Banana_1454.jpg,banana,224,224
fruit_dataset\banana\Banana_1455.jpg,Banana_1455.jpg,banana,224,224
fruit_dataset\banana\Banana_1456.jpg,Banana_1456.jpg,banana,224,224
fruit_dataset\banana\Banana_1457.jpg,Banana_1457.jpg,banana,224,224
fruit_dataset\banana\Banana_1458.jpg,Banana_1458.jpg,banana,224,224
fruit_dataset\banana\Banana_1459.jpg,Banana_1459.jpg,banana,224,224
fruit_dataset\banana\Banana_146.jpg,Banana_146.jpg,banana,224,224
fruit_dataset\banana\Banana_1460.jpg,Banana_1460.jpg,banana,224,224
fruit_dataset\banana\Banana_1461.jpg,Banana_1461.jpg,banana,224,224
fruit_dataset\banana\Banana_1462.jpg,Banana_1462.jpg,banana,224,224
fruit_dataset\banana\Banana_1463.jpeg,Banana_1463.jpeg,banana,224,224
fruit_dataset\banana\Banana_1464.jpg,Banana_1464.jpg,banana,224,224
fruit_dataset\banana\Banana_1465.jpg,Banana_1465.jpg,banana,224,224
fruit_dataset\banana\Banana_1466.jpg,Banana_1466.jpg,banana,224,224
fruit_dataset\banana\Banana_1467.jpg,Banana_1467.jpg,banana,224,224
fruit_dataset\banana\Banana_1468.jpg,Banana_1468.jpg,banana,224,224
fruit_dataset\banana\Banana_1469.jpg,Banana_1469.jpg,banana,224,224
fruit_dataset\banana\Banana_147.jpg,Banana_147.jpg,banana,224,224
fruit_dataset\banana\Banana_1470.jpg,Banana_1470.jpg,banana,224,224
fruit_dataset\banana\Banana_1471.jpg,Banana_1471.jpg,banana,224,224
fruit_dataset\banana\Banana_1472.jpg,Banana_1472.jpg,banana,224,224
fruit_dataset\banana\Banana_1473.jpg,Banana_1473.jpg,banana,224,224
fruit_dataset\banana\Banana_1474.jpg,Banana_1474.jpg,banana,224,224
fruit_dataset\banana\Banana_1475.jpg,Banana_1475.jpg,banana,224,224
fruit_dataset\banana\Banana_1476.jpeg,Banana_1476.jpeg,banana,224,224
fruit_dataset\banana\Banana_1477.png,Banana_1477.png,banana,224,224
fruit_dataset\banana\Banana_1478.jpg,Banana_1478.jpg,banana,224,224
fruit_dataset\banana\Banana_1479.jpg,Banana_1479.jpg,banana,224,224
fruit_dataset\banana\Banana_148.jpg,Banana_148.jpg,banana,224,224
fruit_dataset\banana\Banana_1480.png,Banana_1480.png,banana,224,224
fruit_dataset\banana\Banana_1481.png,Banana_1481.png,banana,224,224
fruit_dataset\banana\Banana_1482.jpg,Banana_1482.jpg,banana,224,224
fruit_dataset\banana\Banana_1483.png,Banana_1483.png,banana,224,224
fruit_dataset\banana\Banana_1484.png,Banana_1484.png,banana,224,224
fruit_dataset\banana\Banana_1485.jpg,Banana_1485.jpg,banana,224,224
fruit_dataset\banana\Banana_1486.jpg,Banana_1486.jpg,banana,224,224
fruit_dataset\banana\Banana_1487.png,Banana_1487.png,banana,224,224
fruit_dataset\banana\Banana_1488.jpg,Banana_1488.jpg,banana,224,224
fruit_dataset\banana\Banana_1489.jpg,Banana_1489.jpg,banana,224,224
fruit_dataset\banana\Banana_149.jpg,Banana_149.jpg,banana,224,224
fruit_dataset\banana\Banana_1490.png,Banana_1490.png,banana,224,224
fruit_dataset\banana\Banana_1491.png,Banana_1491.png,banana,224,224
fruit_dataset\banana\Banana_1492.jpg,Banana_1492.jpg,banana,224,224
fruit_dataset\banana\Banana_1493.png,Banana_1493.png,banana,224,224
fruit_dataset\banana\Banana_1494.png,Banana_1494.png,banana,224,224
fruit_dataset\banana\Banana_1495.jpg,Banana_1495.jpg,banana,224,224
fruit_dataset\banana\Banana_1496.png,Banana_1496.png,banana,224,224
fruit_dataset\banana\Banana_1497.png,Banana_1497.png,banana,224,224
fruit_dataset\banana\Banana_1498.png,Banana_1498.png,banana,224,224
fruit_dataset\banana\Banana_1499.jpg,Banana_1499.jpg,banana,224,224
fruit_dataset\banana\Banana_15.jpg,Banana_15.jpg,banana,224,224
fruit_dataset\banana\Banana_150.jpg,Banana_150.jpg,banana,224,224
fruit_dataset\banana\Banana_1500.jpg,Banana_1500.jpg,banana,224,224
fruit_dataset\banana\Banana_1501.jpg,Banana_1501.jpg,banana,224,224
fruit_dataset\banana\Banana_1502.jpeg,Banana_1502.jpeg,banana,224,224
fruit_dataset\banana\Banana_1503.jpg,Banana_1503.jpg,banana,224,224
fruit_dataset\banana\Banana_1504.jpg,Banana_1504.jpg,banana,224,224
fruit_dataset\banana\Banana_1505.jpg,Banana_1505.jpg,banana,224,224
fruit_dataset\banana\Banana_1506.jpg,Banana_1506.jpg,banana,224,224
fruit_dataset\banana\Banana_1507.jpg,Banana_1507.jpg,banana,224,224
fruit_dataset\banana\Banana_1508.jpg,Banana_1508.jpg,banana,224,224
fruit_dataset\banana\Banana_1509.jpg,Banana_1509.jpg,banana,224,224
fruit_dataset\banana\Banana_151.jpg,Banana_151.jpg,banana,224,224
fruit_dataset\banana\Banana_1510.jpg,Banana_1510.jpg,banana,224,224
fruit_dataset\banana\Banana_1511.jpeg,Banana_1511.jpeg,banana,224,224
fruit_dataset\banana\Banana_1512.jpg,Banana_1512.jpg,banana,224,224
fruit_dataset\banana\Banana_1513.jpg,Banana_1513.jpg,banana,224,224
fruit_dataset\banana\Banana_1514.jpeg,Banana_1514.jpeg,banana,224,224
fruit_dataset\banana\Banana_1515.jpg,Banana_1515.jpg,banana,224,224
fruit_dataset\banana\Banana_1516.jpg,Banana_1516.jpg,banana,224,224
fruit_dataset\banana\Banana_1517.jpg,Banana_1517.jpg,banana,224,224
fruit_dataset\banana\Banana_1518.jpg,Banana_1518.jpg,banana,224,224
fruit_dataset\banana\Banana_1519.jpg,Banana_1519.jpg,banana,224,224
fruit_dataset\banana\Banana_152.jpg,Banana_152.jpg,banana,224,224
fruit_dataset\banana\Banana_1520.jpg,Banana_1520.jpg,banana,224,224
fruit_dataset\banana\Banana_1521.jpg,Banana_1521.jpg,banana,224,224
fruit_dataset\banana\Banana_1522.jpg,Banana_1522.jpg,banana,224,224
fruit_dataset\banana\Banana_1523.jpg,Banana_1523.jpg,banana,224,224
fruit_dataset\banana\Banana_1524.jpg,Banana_1524.jpg,banana,224,224
fruit_dataset\banana\Banana_1525.jpg,Banana_1525.jpg,banana,224,224
fruit_dataset\banana\Banana_1526.jpg,Banana_1526.jpg,banana,224,224
fruit_dataset\banana\Banana_1527.jpg,Banana_1527.jpg,banana,224,224
fruit_dataset\banana\Banana_1528.jpg,Banana_1528.jpg,banana,224,224
fruit_dataset\banana\Banana_1529.jpg,Banana_1529.jpg,banana,224,224
fruit_dataset\banana\Banana_153.jpg,Banana_153.jpg,banana,224,224
fruit_dataset\banana\Banana_1530.jpg,Banana_1530.jpg,banana,224,224
fruit_dataset\banana\Banana_1531.jpg,Banana_1531.jpg,banana,224,224
fruit_dataset\banana\Banana_1532.jpg,Banana_1532.jpg,banana,224,224
fruit_dataset\banana\Banana_1533.jpg,Banana_1533.jpg,banana,224,224
fruit_dataset\banana\Banana_1534.jpg,Banana_1534.jpg,banana,224,224
fruit_dataset\banana\Banana_1535.png,Banana_1535.png,banana,224,224
fruit_dataset\banana\Banana_1536.jpg,Banana_1536.jpg,banana,224,224
fruit_dataset\banana\Banana_1537.jpg,Banana_1537.jpg,banana,224,224
fruit_dataset\banana\Banana_1538.jpg,Banana_1538.jpg,banana,224,224
fruit_dataset\banana\Banana_1539.jpg,Banana_1539.jpg,banana,224,224
fruit_dataset\banana\Banana_154.jpg,Banana_154.jpg,banana,224,224
fruit_dataset\banana\Banana_1540.jpg,Banana_1540.jpg,banana,224,224
fruit_dataset\banana\Banana_155.jpg,Banana_155.jpg,banana,224,224
fruit_dataset\banana\Banana_156.jpg,Banana_156.jpg,banana,224,224
fruit_dataset\banana\Banana_157.jpg,Banana_157.jpg,banana,224,224
fruit_dataset\banana\Banana_158.jpg,Banana_158.jpg,banana,224,224
fruit_dataset\banana\Banana_159.jpg,Banana_159.jpg,banana,224,224
fruit_dataset\banana\Banana_16.jpg,Banana_16.jpg,banana,224,224
fruit_dataset\banana\Banana_160.jpg,Banana_160.jpg,banana,224,224
fruit_dataset\banana\Banana_161.jpg,Banana_161.jpg,banana,224,224
fruit_dataset\banana\Banana_162.jpg,Banana_162.jpg,banana,224,224
fruit_dataset\banana\Banana_163.jpg,Banana_163.jpg,banana,224,224
fruit_dataset\banana\Banana_164.jpg,Banana_164.jpg,banana,224,224
fruit_dataset\banana\Banana_165.jpg,Banana_165.jpg,banana,224,224
fruit_dataset\banana\Banana_166.jpg,Banana_166.jpg,banana,224,224
fruit_dataset\banana\Banana_167.jpg,Banana_167.jpg,banana,224,224
fruit_dataset\banana\Banana_168.jpg,Banana_168.jpg,banana,224,224
fruit_dataset\banana\Banana_169.jpg,Banana_169.jpg,banana,224,224
fruit_dataset\banana\Banana_17.jpg,Banana_17.jpg,banana,224,224
fruit_dataset\banana\Banana_170.jpg,Banana_170.jpg,banana,224,224
fruit_dataset\banana\Banana_171.jpg,Banana_171.jpg,banana,224,224
fruit_dataset\banana\Banana_172.jpg,Banana_172.jpg,banana,224,224
fruit_dataset\banana\Banana_173.jpg,Banana_173.jpg,banana,224,224
fruit_dataset\banana\Banana_174.png,Banana_174.png,banana,224,224
fruit_dataset\banana\Banana_175.jpg,Banana_175.jpg,banana,224,224
fruit_dataset\banana\Banana_176.jpg,Banana_176.jpg,banana,224,224
fruit_dataset\banana\Banana_177.jpg,Banana_177.jpg,banana,224,224
fruit_dataset\banana\Banana_178.jpg,Banana_178.jpg,banana,224,224
fruit_dataset\banana\Banana_179.jpg,Banana_179.jpg,banana,224,224
fruit_dataset\banana\Banana_18.jpg,Banana_18.jpg,banana,224,224
fruit_dataset\banana\Banana_180.jpg,Banana_180.jpg,banana,224,224
fruit_dataset\banana\Banana_181.jpg,Banana_181.jpg,banana,224,224
fruit_dataset\banana\Banana_182.jpg,Banana_182.jpg,banana,224,224
fruit_dataset\banana\Banana_183.jpg,Banana_183.jpg,banana,224,224
fruit_dataset\banana\Banana_184.jpg,Banana_184.jpg,banana,224,224
fruit_dataset\banana\Banana_185.jpg,Banana_185.jpg,banana,224,224
fruit_dataset\banana\Banana_186.png,Banana_186.png,banana,224,224
fruit_dataset\banana\Banana_187.jpg,Banana_187.jpg,banana,224,224
fruit_dataset\banana\Banana_188.jpg,Banana_188.jpg,banana,224,224
fruit_dataset\banana\Banana_189.jpg,Banana_189.jpg,banana,224,224
fruit_dataset\banana\Banana_19.jpg,Banana_19.jpg,banana,224,224
fruit_dataset\banana\Banana_190.jpeg,Banana_190.jpeg,banana,224,224
fruit_dataset\banana\Banana_191.jpeg,Banana_191.jpeg,banana,224,224
fruit_dataset\banana\Banana_192.png,Banana_192.png,banana,224,224
fruit_dataset\banana\Banana_193.png,Banana_193.png,banana,224,224
fruit_dataset\banana\Banana_194.jpg,Banana_194.jpg,banana,224,224
fruit_dataset\banana\Banana_195.jpg,Banana_195.jpg,banana,224,224
fruit_dataset\banana\Banana_196.jpg,Banana_196.jpg,banana,224,224
fruit_dataset\banana\Banana_197.jpg,Banana_197.jpg,banana,224,224
fruit_dataset\banana\Banana_198.png,Banana_198.png,banana,224,224
fruit_dataset\banana\Banana_199.jpg,Banana_199.jpg,banana,224,224
fruit_dataset\banana\Banana_2.jpg,Banana_2.jpg,banana,224,224
fruit_dataset\banana\Banana_20.jpg,Banana_20.jpg,banana,224,224
fruit_dataset\banana\Banana_200.jpg,Banana_200.jpg,banana,224,224
fruit_dataset\banana\Banana_201.jpg,Banana_201.jpg,banana,224,224
fruit_dataset\banana\Banana_202.jpg,Banana_202.jpg,banana,224,224
fruit_dataset\banana\Banana_203.jpg,Banana_203.jpg,banana,224,224
fruit_dataset\banana\Banana_204.jpg,Banana_204.jpg,banana,224,224
fruit_dataset\banana\Banana_205.jpg,Banana_205.jpg,banana,224,224
fruit_dataset\banana\Banana_206.jpg,Banana_206.jpg,banana,224,224
fruit_dataset\banana\Banana_207.jpg,Banana_207.jpg,banana,224,224
fruit_dataset\banana\Banana_208.jpg,Banana_208.jpg,banana,224,224
fruit_dataset\banana\Banana_209.jpg,Banana_209.jpg,banana,224,224
fruit_dataset\banana\Banana_21.jpg,Banana_21.jpg,banana,224,224
fruit_dataset\banana\Banana_210.jpg,Banana_210.jpg,banana,224,224
fruit_dataset\banana\Banana_211.jpg,Banana_211.jpg,banana,224,224
fruit_dataset\banana\Banana_212.jpg,Banana_212.jpg,banana,224,224
fruit_dataset\banana\Banana_213.jpg,Banana_213.jpg,banana,224,224
fruit_dataset\banana\Banana_214.jpg,Banana_214.jpg,banana,224,224
fruit_dataset\banana\Banana_215.jpg,Banana_215.jpg,banana,224,224
fruit_dataset\banana\Banana_216.jpg,Banana_216.jpg,banana,224,224
fruit_dataset\banana\Banana_217.jpg,Banana_217.jpg,banana,224,224
fruit_dataset\banana\Banana_218.jpg,Banana_218.jpg,banana,224,224
fruit_dataset\banana\Banana_219.jpg,Banana_219.jpg,banana,224,224
fruit_dataset\banana\Banana_22.jpg,Banana_22.jpg,banana,224,224
fruit_dataset\banana\Banana_220.png,Banana_220.png,banana,224,224
fruit_dataset\banana\Banana_221.jpg,Banana_221.jpg,banana,224,224
fruit_dataset\banana\Banana_222.jpg,Banana_222.jpg,banana,224,224
fruit_dataset\banana\Banana_223.jpeg,Banana_223.jpeg,banana,224,224
fruit_dataset\banana\Banana_224.jpg,Banana_224.jpg,banana,224,224
fruit_dataset\banana\Banana_225.jpg,Banana_225.jpg,banana,224,224
fruit_dataset\banana\Banana_226.jpg,Banana_226.jpg,banana,224,224
fruit_dataset\banana\Banana_227.jpg,Banana_227.jpg,banana,224,224
fruit_dataset\banana\Banana_228.jpg,Banana_228.jpg,banana,224,224
fruit_dataset\banana\Banana_229.jpg,Banana_229.jpg,banana,224,224
fruit_dataset\banana\Banana_23.jpg,Banana_23.jpg,banana,224,224
fruit_dataset\banana\Banana_230.jpg,Banana_230.jpg,banana,224,224
fruit_dataset\banana\Banana_231.png,Banana_231.png,banana,224,224
fruit_dataset\banana\Banana_232.jpg,Banana_232.jpg,banana,224,224
fruit_dataset\banana\Banana_233.jpg,Banana_233.jpg,banana,224,224
fruit_dataset\banana\Banana_234.jpg,Banana_234.jpg,banana,224,224
fruit_dataset\banana\Banana_235.jpg,Banana_235.jpg,banana,224,224
fruit_dataset\banana\Banana_236.jpg,Banana_236.jpg,banana,224,224
fruit_dataset\banana\Banana_237.png,Banana_237.png,banana,224,224
fruit_dataset\banana\Banana_238.jpg,Banana_238.jpg,banana,224,224
fruit_dataset\banana\Banana_239.png,Banana_239.png,banana,224,224
fruit_dataset\banana\Banana_24.jpg,Banana_24.jpg,banana,224,224
fruit_dataset\banana\Banana_240.jpg,Banana_240.jpg,banana,224,224
fruit_dataset\banana\Banana_241.jpg,Banana_241.jpg,banana,224,224
fruit_dataset\banana\Banana_242.jpg,Banana_242.jpg,banana,224,224
fruit_dataset\banana\Banana_243.jpg,Banana_243.jpg,banana,224,224
fruit_dataset\banana\Banana_244.jpg,Banana_244.jpg,banana,224,224
fruit_dataset\banana\Banana_245.jpg,Banana_245.jpg,banana,224,224
fruit_dataset\banana\Banana_246.jpg,Banana_246.jpg,banana,224,224
fruit_dataset\banana\Banana_247.jpg,Banana_247.jpg,banana,224,224
fruit_dataset\banana\Banana_248.jpg,Banana_248.jpg,banana,224,224
fruit_dataset\banana\Banana_249.jpg,Banana_249.jpg,banana,224,224
fruit_dataset\banana\Banana_25.jpg,Banana_25.jpg,banana,224,224
fruit_dataset\banana\Banana_250.jpg,Banana_250.jpg,banana,224,224
fruit_dataset\banana\Banana_251.jpg,Banana_251.jpg,banana,224,224
fruit_dataset\banana\Banana_252.jpg,Banana_252.jpg,banana,224,224
fruit_dataset\banana\Banana_253.jpeg,Banana_253.jpeg,banana,224,224
fruit_dataset\banana\Banana_254.jpeg,Banana_254.jpeg,banana,224,224
fruit_dataset\banana\Banana_255.jpg,Banana_255.jpg,banana,224,224
fruit_dataset\banana\Banana_256.jpg,Banana_256.jpg,banana,224,224
fruit_dataset\banana\Banana_257.jpg,Banana_257.jpg,banana,224,224
fruit_dataset\banana\Banana_258.jpg,Banana_258.jpg,banana,224,224
fruit_dataset\banana\Banana_259.jpg,Banana_259.jpg,banana,224,224
fruit_dataset\banana\Banana_26.jpg,Banana_26.jpg,banana,224,224
fruit_dataset\banana\Banana_260.jpg,Banana_260.jpg,banana,224,224
fruit_dataset\banana\Banana_261.jpg,Banana_261.jpg,banana,224,224
fruit_dataset\banana\Banana_262.jpg,Banana_262.jpg,banana,224,224
fruit_dataset\banana\Banana_263.jpeg,Banana_263.jpeg,banana,224,224
fruit_dataset\banana\Banana_264.jpg,Banana_264.jpg,banana,224,224
fruit_dataset\banana\Banana_265.jpg,Banana_265.jpg,banana,224,224
fruit_dataset\banana\Banana_266.jpg,Banana_266.jpg,banana,224,224
fruit_dataset\banana\Banana_267.jpg,Banana_267.jpg,banana,224,224
fruit_dataset\banana\Banana_268.jpeg,Banana_268.jpeg,banana,224,224
fruit_dataset\banana\Banana_269.jpeg,Banana_269.jpeg,banana,224,224
fruit_dataset\banana\Banana_27.jpg,Banana_27.jpg,banana,224,224
fruit_dataset\banana\Banana_270.jpeg,Banana_270.jpeg,banana,224,224
fruit_dataset\banana\Banana_271.jpeg,Banana_271.jpeg,banana,224,224
fruit_dataset\banana\Banana_272.jpg,Banana_272.jpg,banana,224,224
fruit_dataset\banana\Banana_273.jpeg,Banana_273.jpeg,banana,224,224
fruit_dataset\banana\Banana_274.jpg,Banana_274.jpg,banana,224,224
fruit_dataset\banana\Banana_275.png,Banana_275.png,banana,224,224
fruit_dataset\banana\Banana_276.jpg,Banana_276.jpg,banana,224,224
fruit_dataset\banana\Banana_277.jpg,Banana_277.jpg,banana,224,224
fruit_dataset\banana\Banana_278.jpg,Banana_278.jpg,banana,224,224
fruit_dataset\banana\Banana_279.jpg,Banana_279.jpg,banana,224,224
fruit_dataset\banana\Banana_28.jpg,Banana_28.jpg,banana,224,224
fruit_dataset\banana\Banana_280.jpg,Banana_280.jpg,banana,224,224
fruit_dataset\banana\Banana_281.jpg,Banana_281.jpg,banana,224,224
fruit_dataset\banana\Banana_282.jpg,Banana_282.jpg,banana,224,224
fruit_dataset\banana\Banana_283.jpg,Banana_283.jpg,banana,224,224
fruit_dataset\banana\Banana_284.jpeg,Banana_284.jpeg,banana,224,224
fruit_dataset\banana\Banana_285.png,Banana_285.png,banana,224,224
fruit_dataset\banana\Banana_286.jpg,Banana_286.jpg,banana,224,224
fruit_dataset\banana\Banana_287.jpeg,Banana_287.jpeg,banana,224,224
fruit_dataset\banana\Banana_288.jpg,Banana_288.jpg,banana,224,224
fruit_dataset\banana\Banana_289.png,Banana_289.png,banana,224,224
fruit_dataset\banana\Banana_29.jpg,Banana_29.jpg,banana,224,224
fruit_dataset\banana\Banana_290.jpg,Banana_290.jpg,banana,224,224
fruit_dataset\banana\Banana_291.jpg,Banana_291.jpg,banana,224,224
fruit_dataset\banana\Banana_292.jpg,Banana_292.jpg,banana,224,224
fruit_dataset\banana\Banana_293.jpg,Banana_293.jpg,banana,224,224
fruit_dataset\banana\Banana_294.jpg,Banana_294.jpg,banana,224,224
fruit_dataset\banana\Banana_295.jpg,Banana_295.jpg,banana,224,224
fruit_dataset\banana\Banana_296.jpg,Banana_296.jpg,banana,224,224
fruit_dataset\banana\Banana_297.jpeg,Banana_297.jpeg,banana,224,224
fruit_dataset\banana\Banana_298.jpg,Banana_298.jpg,banana,224,224
fruit_dataset\banana\Banana_299.jpg,Banana_299.jpg,banana,224,224
fruit_dataset\banana\Banana_3.jpg,Banana_3.jpg,banana,224,224
fruit_dataset\banana\Banana_30.jpg,Banana_30.jpg,banana,224,224
fruit_dataset\banana\Banana_300.jpg,Banana_300.jpg,banana,224,224
fruit_dataset\banana\Banana_301.jpg,Banana_301.jpg,banana,224,224
fruit_dataset\banana\Banana_302.jpg,Banana_302.jpg,banana,224,224
fruit_dataset\banana\Banana_303.jpg,Banana_303.jpg,banana,224,224
fruit_dataset\banana\Banana_304.jpg,Banana_304.jpg,banana,224,224
fruit_dataset\banana\Banana_305.jpg,Banana_305.jpg,banana,224,224
fruit_dataset\banana\Banana_306.jpg,Banana_306.jpg,banana,224,224
fruit_dataset\banana\Banana_307.jpg,Banana_307.jpg,banana,224,224
fruit_dataset\banana\Banana_308.jpg,Banana_308.jpg,banana,224,224
fruit_dataset\banana\Banana_309.jpg,Banana_309.jpg,banana,224,224
fruit_dataset\banana\Banana_31.jpg,Banana_31.jpg,banana,224,224
fruit_dataset\banana\Banana_310.jpg,Banana_310.jpg,banana,224,224
fruit_dataset\banana\Banana_311.jpg,Banana_311.jpg,banana,224,224
fruit_dataset\banana\Banana_312.jpg,Banana_312.jpg,banana,224,224
fruit_dataset\banana\Banana_313.jpg,Banana_313.jpg,banana,224,224
fruit_dataset\banana\Banana_314.jpg,Banana_314.jpg,banana,224,224
fruit_dataset\banana\Banana_315.jpg,Banana_315.jpg,banana,224,224
fruit_dataset\banana\Banana_316.jpg,Banana_316.jpg,banana,224,224
fruit_dataset\banana\Banana_317.jpg,Banana_317.jpg,banana,224,224
fruit_dataset\banana\Banana_318.jpg,Banana_318.jpg,banana,224,224
fruit_dataset\banana\Banana_319.jpg,Banana_319.jpg,banana,224,224
fruit_dataset\banana\Banana_32.jpg,Banana_32.jpg,banana,224,224
fruit_dataset\banana\Banana_320.jpg,Banana_320.jpg,banana,224,224
fruit_dataset\banana\Banana_321.jpg,Banana_321.jpg,banana,224,224
fruit_dataset\banana\Banana_322.jpg,Banana_322.jpg,banana,224,224
fruit_dataset\banana\Banana_323.jpg,Banana_323.jpg,banana,224,224
fruit_dataset\banana\Banana_324.jpg,Banana_324.jpg,banana,224,224
fruit_dataset\banana\Banana_325.jpg,Banana_325.jpg,banana,224,224
fruit_dataset\banana\Banana_326.jpg,Banana_326.jpg,banana,224,224
fruit_dataset\banana\Banana_327.jpg,Banana_327.jpg,banana,224,224
fruit_dataset\banana\Banana_328.jpg,Banana_328.jpg,banana,224,224
fruit_dataset\banana\Banana_329.jpg,Banana_329.jpg,banana,224,224
fruit_dataset\banana\Banana_33.jpg,Banana_33.jpg,banana,224,224
fruit_dataset\banana\Banana_330.jpg,Banana_330.jpg,banana,224,224
fruit_dataset\banana\Banana_331.jpg,Banana_331.jpg,banana,224,224
fruit_dataset\banana\Banana_332.jpg,Banana_332.jpg,banana,224,224
fruit_dataset\banana\Banana_333.jpg,Banana_333.jpg,banana,224,224
fruit_dataset\banana\Banana_334.jpg,Banana_334.jpg,banana,224,224
fruit_dataset\banana\Banana_335.jpg,Banana_335.jpg,banana,224,224
fruit_dataset\banana\Banana_336.jpg,Banana_336.jpg,banana,224,224
fruit_dataset\banana\Banana_337.jpg,Banana_337.jpg,banana,224,224
fruit_dataset\banana\Banana_338.jpg,Banana_338.jpg,banana,224,224
fruit_dataset\banana\Banana_339.jpg,Banana_339.jpg,banana,224,224
fruit_dataset\banana\Banana_34.jpg,Banana_34.jpg,banana,224,224
fruit_dataset\banana\Banana_340.jpg,Banana_340.jpg,banana,224,224
fruit_dataset\banana\Banana_341.jpg,Banana_341.jpg,banana,224,224
fruit_dataset\banana\Banana_342.jpg,Banana_342.jpg,banana,224,224
fruit_dataset\banana\Banana_343.jpg,Banana_343.jpg,banana,224,224
fruit_dataset\banana\Banana_344.jpg,Banana_344.jpg,banana,224,224
fruit_dataset\banana\Banana_345.png,Banana_345.png,banana,224,224
fruit_dataset\banana\Banana_346.jpg,Banana_346.jpg,banana,224,224
fruit_dataset\banana\Banana_347.jpg,Banana_347.jpg,banana,224,224
fruit_dataset\banana\Banana_348.jpg,Banana_348.jpg,banana,224,224
fruit_dataset\banana\Banana_349.jpg,Banana_349.jpg,banana,224,224
fruit_dataset\banana\Banana_35.jpg,Banana_35.jpg,banana,224,224
fruit_dataset\banana\Banana_350.jpg,Banana_350.jpg,banana,224,224
fruit_dataset\banana\Banana_351.jpg,Banana_351.jpg,banana,224,224
fruit_dataset\banana\Banana_352.jpg,Banana_352.jpg,banana,224,224
fruit_dataset\banana\Banana_353.jpg,Banana_353.jpg,banana,224,224
fruit_dataset\banana\Banana_354.jpg,Banana_354.jpg,banana,224,224
fruit_dataset\banana\Banana_355.jpg,Banana_355.jpg,banana,224,224
fruit_dataset\banana\Banana_356.jpg,Banana_356.jpg,banana,224,224
fruit_dataset\banana\Banana_357.jpg,Banana_357.jpg,banana,224,224
fruit_dataset\banana\Banana_358.jpg,Banana_358.jpg,banana,224,224
fruit_dataset\banana\Banana_359.jpg,Banana_359.jpg,banana,224,224
fruit_dataset\banana\Banana_36.jpg,Banana_36.jpg,banana,224,224
fruit_dataset\banana\Banana_360.jpg,Banana_360.jpg,banana,224,224
fruit_dataset\banana\Banana_361.jpg,Banana_361.jpg,banana,224,224
fruit_dataset\banana\Banana_362.jpg,Banana_362.jpg,banana,224,224
fruit_dataset\banana\Banana_363.jpg,Banana_363.jpg,banana,224,224
fruit_dataset\banana\Banana_364.jpg,Banana_364.jpg,banana,224,224
fruit_dataset\banana\Banana_365.jpg,Banana_365.jpg,banana,224,224
fruit_dataset\banana\Banana_366.jpg,Banana_366.jpg,banana,224,224
fruit_dataset\banana\Banana_367.jpg,Banana_367.jpg,banana,224,224
fruit_dataset\banana\Banana_368.jpg,Banana_368.jpg,banana,224,224
fruit_dataset\banana\Banana_369.jpg,Banana_369.jpg,banana,224,224
fruit_dataset\banana\Banana_37.jpg,Banana_37.jpg,banana,224,224
fruit_dataset\banana\Banana_370.jpg,Banana_370.jpg,banana,224,224
fruit_dataset\banana\Banana_371.jpg,Banana_371.jpg,banana,224,224
fruit_dataset\banana\Banana_372.jpg,Banana_372.jpg,banana,224,224
fruit_dataset\banana\Banana_373.jpg,Banana_373.jpg,banana,224,224
fruit_dataset\banana\Banana_374.jpg,Banana_374.jpg,banana,224,224
fruit_dataset\banana\Banana_375.png,Banana_375.png,banana,224,224
fruit_dataset\banana\Banana_376.jpg,Banana_376.jpg,banana,224,224
fruit_dataset\banana\Banana_377.jpg,Banana_377.jpg,banana,224,224
fruit_dataset\banana\Banana_378.jpg,Banana_378.jpg,banana,224,224
fruit_dataset\banana\Banana_379.jpg,Banana_379.jpg,banana,224,224
fruit_dataset\banana\Banana_38.jpg,Banana_38.jpg,banana,224,224
fruit_dataset\banana\Banana_380.jpg,Banana_380.jpg,banana,224,224
fruit_dataset\banana\Banana_381.jpg,Banana_381.jpg,banana,224,224
fruit_dataset\banana\Banana_382.jpg,Banana_382.jpg,banana,224,224
fruit_dataset\banana\Banana_383.jpg,Banana_383.jpg,banana,224,224
fruit_dataset\banana\Banana_384.jpg,Banana_384.jpg,banana,224,224
fruit_dataset\banana\Banana_385.jpg,Banana_385.jpg,banana,224,224
fruit_dataset\banana\Banana_386.jpg,Banana_386.jpg,banana,224,224
fruit_dataset\banana\Banana_387.jpg,Banana_387.jpg,banana,224,224
fruit_dataset\banana\Banana_388.jpg,Banana_388.jpg,banana,224,224
fruit_dataset\banana\Banana_389.jpg,Banana_389.jpg,banana,224,224
fruit_dataset\banana\Banana_39.jpg,Banana_39.jpg,banana,224,224
fruit_dataset\banana\Banana_390.jpg,Banana_390.jpg,banana,224,224
fruit_dataset\banana\Banana_391.jpg,Banana_391.jpg,banana,224,224
fruit_dataset\banana\Banana_392.jpg,Banana_392.jpg,banana,224,224
fruit_dataset\banana\Banana_393.jpg,Banana_393.jpg,banana,224,224
fruit_dataset\banana\Banana_394.jpg,Banana_394.jpg,banana,224,224
fruit_dataset\banana\Banana_395.jpg,Banana_395.jpg,banana,224,224
fruit_dataset\banana\Banana_396.jpg,Banana_396.jpg,banana,224,224
fruit_dataset\banana\Banana_397.jpg,Banana_397.jpg,banana,224,224
fruit_dataset\banana\Banana_398.jpg,Banana_398.jpg,banana,224,224
fruit_dataset\banana\Banana_399.jpg,Banana_399.jpg,banana,224,224
fruit_dataset\banana\Banana_4.jpg,Banana_4.jpg,banana,224,224
fruit_dataset\banana\Banana_40.jpg,Banana_40.jpg,banana,224,224
fruit_dataset\banana\Banana_400.jpg,Banana_400.jpg,banana,224,224
fruit_dataset\banana\Banana_401.jpg,Banana_401.jpg,banana,224,224
fruit_dataset\banana\Banana_402.jpg,Banana_402.jpg,banana,224,224
fruit_dataset\banana\Banana_403.jpg,Banana_403.jpg,banana,224,224
fruit_dataset\banana\Banana_404.jpeg,Banana_404.jpeg,banana,224,224
fruit_dataset\banana\Banana_405.jpg,Banana_405.jpg,banana,224,224
fruit_dataset\banana\Banana_406.jpg,Banana_406.jpg,banana,224,224
fruit_dataset\banana\Banana_407.jpg,Banana_407.jpg,banana,224,224
fruit_dataset\banana\Banana_408.jpg,Banana_408.jpg,banana,224,224
fruit_dataset\banana\Banana_409.jpg,Banana_409.jpg,banana,224,224
fruit_dataset\banana\Banana_41.jpg,Banana_41.jpg,banana,224,224
fruit_dataset\banana\Banana_410.jpg,Banana_410.jpg,banana,224,224
fruit_dataset\banana\Banana_411.jpg,Banana_411.jpg,banana,224,224
fruit_dataset\banana\Banana_412.png,Banana_412.png,banana,224,224
fruit_dataset\banana\Banana_413.jpg,Banana_413.jpg,banana,224,224
fruit_dataset\banana\Banana_414.jpg,Banana_414.jpg,banana,224,224
fruit_dataset\banana\Banana_415.jpg,Banana_415.jpg,banana,224,224
fruit_dataset\banana\Banana_416.png,Banana_416.png,banana,224,224
fruit_dataset\banana\Banana_417.jpg,Banana_417.jpg,banana,224,224
fruit_dataset\banana\Banana_418.jpg,Banana_418.jpg,banana,224,224
fruit_dataset\banana\Banana_419.jpg,Banana_419.jpg,banana,224,224
fruit_dataset\banana\Banana_42.jpg,Banana_42.jpg,banana,224,224
fruit_dataset\banana\Banana_420.jpg,Banana_420.jpg,banana,224,224
fruit_dataset\banana\Banana_421.jpg,Banana_421.jpg,banana,224,224
fruit_dataset\banana\Banana_422.jpg,Banana_422.jpg,banana,224,224
fruit_dataset\banana\Banana_423.jpg,Banana_423.jpg,banana,224,224
fruit_dataset\banana\Banana_424.jpg,Banana_424.jpg,banana,224,224
fruit_dataset\banana\Banana_425.jpg,Banana_425.jpg,banana,224,224
fruit_dataset\banana\Banana_426.jpg,Banana_426.jpg,banana,224,224
fruit_dataset\banana\Banana_427.jpg,Banana_427.jpg,banana,224,224
fruit_dataset\banana\Banana_428.png,Banana_428.png,banana,224,224
fruit_dataset\banana\Banana_429.jpg,Banana_429.jpg,banana,224,224
fruit_dataset\banana\Banana_43.jpg,Banana_43.jpg,banana,224,224
fruit_dataset\banana\Banana_430.jpg,Banana_430.jpg,banana,224,224
fruit_dataset\banana\Banana_431.jpg,Banana_431.jpg,banana,224,224
fruit_dataset\banana\Banana_432.jpg,Banana_432.jpg,banana,224,224
fruit_dataset\banana\Banana_433.jpg,Banana_433.jpg,banana,224,224
fruit_dataset\banana\Banana_434.jpg,Banana_434.jpg,banana,224,224
fruit_dataset\banana\Banana_435.jpg,Banana_435.jpg,banana,224,224
fruit_dataset\banana\Banana_436.jpg,Banana_436.jpg,banana,224,224
fruit_dataset\banana\Banana_437.jpg,Banana_437.jpg,banana,224,224
fruit_dataset\banana\Banana_438.jpg,Banana_438.jpg,banana,224,224
fruit_dataset\banana\Banana_439.jpg,Banana_439.jpg,banana,224,224
fruit_dataset\banana\Banana_44.jpg,Banana_44.jpg,banana,224,224
fruit_dataset\banana\Banana_440.jpg,Banana_440.jpg,banana,224,224
fruit_dataset\banana\Banana_441.jpg,Banana_441.jpg,banana,224,224
fruit_dataset\banana\Banana_442.jpg,Banana_442.jpg,banana,224,224
fruit_dataset\banana\Banana_443.jpg,Banana_443.jpg,banana,224,224
fruit_dataset\banana\Banana_444.jpg,Banana_444.jpg,banana,224,224
fruit_dataset\banana\Banana_445.jpg,Banana_445.jpg,banana,224,224
fruit_dataset\banana\Banana_446.jpg,Banana_446.jpg,banana,224,224
fruit_dataset\banana\Banana_447.jpg,Banana_447.jpg,banana,224,224
fruit_dataset\banana\Banana_448.jpg,Banana_448.jpg,banana,224,224
fruit_dataset\banana\Banana_449.jpg,Banana_449.jpg,banana,224,224
fruit_dataset\banana\Banana_45.jpg,Banana_45.jpg,banana,224,224
fruit_dataset\banana\Banana_450.jpg,Banana_450.jpg,banana,224,224
fruit_dataset\banana\Banana_451.jpg,Banana_451.jpg,banana,224,224
fruit_dataset\banana\Banana_452.jpg,Banana_452.jpg,banana,224,224
fruit_dataset\banana\Banana_453.jpg,Banana_453.jpg,banana,224,224
fruit_dataset\banana\Banana_454.jpg,Banana_454.jpg,banana,224,224
fruit_dataset\banana\Banana_455.jpg,Banana_455.jpg,banana,224,224
fruit_dataset\banana\Banana_456.jpg,Banana_456.jpg,banana,224,224
fruit_dataset\banana\Banana_457.jpg,Banana_457.jpg,banana,224,224
fruit_dataset\banana\Banana_458.jpg,Banana_458.jpg,banana,224,224
fruit_dataset\banana\Banana_459.jpg,Banana_459.jpg,banana,224,224
fruit_dataset\banana\Banana_46.jpg,Banana_46.jpg,banana,224,224
fruit_dataset\banana\Banana_460.jpg,Banana_460.jpg,banana,224,224
fruit_dataset\banana\Banana_461.jpg,Banana_461.jpg,banana,224,224
fruit_dataset\banana\Banana_462.png,Banana_462.png,banana,224,224
fruit_dataset\banana\Banana_463.jpg,Banana_463.jpg,banana,224,224
fruit_dataset\banana\Banana_464.jpg,Banana_464.jpg,banana,224,224
fruit_dataset\banana\Banana_465.jpg,Banana_465.jpg,banana,224,224
fruit_dataset\banana\Banana_466.jpeg,Banana_466.jpeg,banana,224,224
fruit_dataset\banana\Banana_467.jpg,Banana_467.jpg,banana,224,224
fruit_dataset\banana\Banana_468.jpg,Banana_468.jpg,banana,224,224
fruit_dataset\banana\Banana_469.png,Banana_469.png,banana,224,224
fruit_dataset\banana\Banana_47.jpg,Banana_47.jpg,banana,224,224
fruit_dataset\banana\Banana_470.jpg,Banana_470.jpg,banana,224,224
fruit_dataset\banana\Banana_471.jpg,Banana_471.jpg,banana,224,224
fruit_dataset\banana\Banana_472.jpg,Banana_472.jpg,banana,224,224
fruit_dataset\banana\Banana_473.jpg,Banana_473.jpg,banana,224,224
fruit_dataset\banana\Banana_474.jpg,Banana_474.jpg,banana,224,224
fruit_dataset\banana\Banana_475.png,Banana_475.png,banana,224,224
fruit_dataset\banana\Banana_476.jpg,Banana_476.jpg,banana,224,224
fruit_dataset\banana\Banana_477.jpg,Banana_477.jpg,banana,224,224
fruit_dataset\banana\Banana_478.jpg,Banana_478.jpg,banana,224,224
fruit_dataset\banana\Banana_479.jpg,Banana_479.jpg,banana,224,224
fruit_dataset\banana\Banana_48.jpg,Banana_48.jpg,banana,224,224
fruit_dataset\banana\Banana_480.jpg,Banana_480.jpg,banana,224,224
fruit_dataset\banana\Banana_481.jpg,Banana_481.jpg,banana,224,224
fruit_dataset\banana\Banana_482.jpg,Banana_482.jpg,banana,224,224
fruit_dataset\banana\Banana_483.jpg,Banana_483.jpg,banana,224,224
fruit_dataset\banana\Banana_484.jpg,Banana_484.jpg,banana,224,224
fruit_dataset\banana\Banana_485.jpg,Banana_485.jpg,banana,224,224
fruit_dataset\banana\Banana_486.jpg,Banana_486.jpg,banana,224,224
fruit_dataset\banana\Banana_487.jpg,Banana_487.jpg,banana,224,224
fruit_dataset\banana\Banana_488.jpg,Banana_488.jpg,banana,224,224
fruit_dataset\banana\Banana_489.jpg,Banana_489.jpg,banana,224,224
fruit_dataset\banana\Banana_49.jpg,Banana_49.jpg,banana,224,224
fruit_dataset\banana\Banana_490.jpg,Banana_490.jpg,banana,224,224
fruit_dataset\banana\Banana_491.jpg,Banana_491.jpg,banana,224,224
fruit_dataset\banana\Banana_492.jpg,Banana_492.jpg,banana,224,224
fruit_dataset\banana\Banana_493.png,Banana_493.png,banana,224,224
fruit_dataset\banana\Banana_494.jpg,Banana_494.jpg,banana,224,224
fruit_dataset\banana\Banana_495.jpg,Banana_495.jpg,banana,224,224
fruit_dataset\banana\Banana_496.jpg,Banana_496.jpg,banana,224,224
fruit_dataset\banana\Banana_497.jpg,Banana_497.jpg,banana,224,224
fruit_dataset\banana\Banana_498.jpg,Banana_498.jpg,banana,224,224
fruit_dataset\banana\Banana_499.jpg,Banana_499.jpg,banana,224,224
fruit_dataset\banana\Banana_5.jpg,Banana_5.jpg,banana,224,224
fruit_dataset\banana\Banana_50.jpg,Banana_50.jpg,banana,224,224
fruit_dataset\banana\Banana_500.jpg,Banana_500.jpg,banana,224,224
fruit_dataset\banana\Banana_501.jpg,Banana_501.jpg,banana,224,224
fruit_dataset\banana\Banana_502.jpg,Banana_502.jpg,banana,224,224
fruit_dataset\banana\Banana_503.jpg,Banana_503.jpg,banana,224,224
fruit_dataset\banana\Banana_504.jpg,Banana_504.jpg,banana,224,224
fruit_dataset\banana\Banana_505.jpeg,Banana_505.jpeg,banana,224,224
fruit_dataset\banana\Banana_506.jpeg,Banana_506.jpeg,banana,224,224
fruit_dataset\banana\Banana_507.jpg,Banana_507.jpg,banana,224,224
fruit_dataset\banana\Banana_508.jpg,Banana_508.jpg,banana,224,224
fruit_dataset\banana\Banana_509.jpg,Banana_509.jpg,banana,224,224
fruit_dataset\banana\Banana_51.jpg,Banana_51.jpg,banana,224,224
fruit_dataset\banana\Banana_510.jpg,Banana_510.jpg,banana,224,224
fruit_dataset\banana\Banana_511.jpg,Banana_511.jpg,banana,224,224
fruit_dataset\banana\Banana_512.jpg,Banana_512.jpg,banana,224,224
fruit_dataset\banana\Banana_513.jpg,Banana_513.jpg,banana,224,224
fruit_dataset\banana\Banana_514.jpg,Banana_514.jpg,banana,224,224
fruit_dataset\banana\Banana_515.jpg,Banana_515.jpg,banana,224,224
fruit_dataset\banana\Banana_516.png,Banana_516.png,banana,224,224
fruit_dataset\banana\Banana_517.jpg,Banana_517.jpg,banana,224,224
fruit_dataset\banana\Banana_518.jpg,Banana_518.jpg,banana,224,224
fruit_dataset\banana\Banana_519.jpg,Banana_519.jpg,banana,224,224
fruit_dataset\banana\Banana_52.jpg,Banana_52.jpg,banana,224,224
fruit_dataset\banana\Banana_520.jpg,Banana_520.jpg,banana,224,224
fruit_dataset\banana\Banana_521.jpg,Banana_521.jpg,banana,224,224
fruit_dataset\banana\Banana_522.jpg,Banana_522.jpg,banana,224,224
fruit_dataset\banana\Banana_523.png,Banana_523.png,banana,224,224
fruit_dataset\banana\Banana_524.jpg,Banana_524.jpg,banana,224,224
fruit_dataset\banana\Banana_525.jpg,Banana_525.jpg,banana,224,224
fruit_dataset\banana\Banana_526.jpg,Banana_526.jpg,banana,224,224
fruit_dataset\banana\Banana_527.jpg,Banana_527.jpg,banana,224,224
fruit_dataset\banana\Banana_528.jpg,Banana_528.jpg,banana,224,224
fruit_dataset\banana\Banana_529.jpg,Banana_529.jpg,banana,224,224
fruit_dataset\banana\Banana_53.jpg,Banana_53.jpg,banana,224,224
fruit_dataset\banana\Banana_530.jpg,Banana_530.jpg,banana,224,224
fruit_dataset\banana\Banana_531.jpg,Banana_531.jpg,banana,224,224
fruit_dataset\banana\Banana_532.jpg,Banana_532.jpg,banana,224,224
fruit_dataset\banana\Banana_533.jpeg,Banana_533.jpeg,banana,224,224
fruit_dataset\banana\Banana_534.jpg,Banana_534.jpg,banana,224,224
fruit_dataset\banana\Banana_535.jpg,Banana_535.jpg,banana,224,224
fruit_dataset\banana\Banana_536.jpg,Banana_536.jpg,banana,224,224
fruit_dataset\banana\Banana_537.jpg,Banana_537.jpg,banana,224,224
fruit_dataset\banana\Banana_538.jpg,Banana_538.jpg,banana,224,224
fruit_dataset\banana\Banana_539.jpg,Banana_539.jpg,banana,224,224
fruit_dataset\banana\Banana_54.jpg,Banana_54.jpg,banana,224,224
fruit_dataset\banana\Banana_540.jpg,Banana_540.jpg,banana,224,224
fruit_dataset\banana\Banana_541.jpg,Banana_541.jpg,banana,224,224
fruit_dataset\banana\Banana_542.jpg,Banana_542.jpg,banana,224,224
fruit_dataset\banana\Banana_543.jpg,Banana_543.jpg,banana,224,224
fruit_dataset\banana\Banana_544.jpg,Banana_544.jpg,banana,224,224
fruit_dataset\banana\Banana_545.jpg,Banana_545.jpg,banana,224,224
fruit_dataset\banana\Banana_546.jpg,Banana_546.jpg,banana,224,224
fruit_dataset\banana\Banana_547.gif,Banana_547.gif,banana,224,224
fruit_dataset\banana\Banana_548.jpg,Banana_548.jpg,banana,224,224
fruit_dataset\banana\Banana_549.jpg,Banana_549.jpg,banana,224,224
fruit_dataset\banana\Banana_55.jpg,Banana_55.jpg,banana,224,224
fruit_dataset\banana\Banana_550.jpg,Banana_550.jpg,banana,224,224
fruit_dataset\banana\Banana_551.jpeg,Banana_551.jpeg,banana,224,224
fruit_dataset\banana\Banana_552.jpg,Banana_552.jpg,banana,224,224
fruit_dataset\banana\Banana_553.jpg,Banana_553.jpg,banana,224,224
fruit_dataset\banana\Banana_554.jpg,Banana_554.jpg,banana,224,224
fruit_dataset\banana\Banana_555.png,Banana_555.png,banana,224,224
fruit_dataset\banana\Banana_556.jpg,Banana_556.jpg,banana,224,224
fruit_dataset\banana\Banana_557.jpg,Banana_557.jpg,banana,224,224
fruit_dataset\banana\Banana_558.jpg,Banana_558.jpg,banana,224,224
fruit_dataset\banana\Banana_559.jpg,Banana_559.jpg,banana,224,224
fruit_dataset\banana\Banana_56.jpeg,Banana_56.jpeg,banana,224,224
fruit_dataset\banana\Banana_560.png,Banana_560.png,banana,224,224
fruit_dataset\banana\Banana_561.jpg,Banana_561.jpg,banana,224,224
fruit_dataset\banana\Banana_562.jpg,Banana_562.jpg,banana,224,224
fruit_dataset\banana\Banana_563.jpg,Banana_563.jpg,banana,224,224
fruit_dataset\banana\Banana_564.jpg,Banana_564.jpg,banana,224,224
fruit_dataset\banana\Banana_565.jpg,Banana_565.jpg,banana,224,224
fruit_dataset\banana\Banana_566.jpg,Banana_566.jpg,banana,224,224
fruit_dataset\banana\Banana_567.jpg,Banana_567.jpg,banana,224,224
fruit_dataset\banana\Banana_568.jpg,Banana_568.jpg,banana,224,224
fruit_dataset\banana\Banana_569.jpg,Banana_569.jpg,banana,224,224
fruit_dataset\banana\Banana_57.jpg,Banana_57.jpg,banana,224,224
fruit_dataset\banana\Banana_570.jpg,Banana_570.jpg,banana,224,224
fruit_dataset\banana\Banana_571.jpg,Banana_571.jpg,banana,224,224
fruit_dataset\banana\Banana_572.jpg,Banana_572.jpg,banana,224,224
fruit_dataset\banana\Banana_573.jpg,Banana_573.jpg,banana,224,224
fruit_dataset\banana\Banana_574.jpg,Banana_574.jpg,banana,224,224
fruit_dataset\banana\Banana_575.jpg,Banana_575.jpg,banana,224,224
fruit_dataset\banana\Banana_576.jpg,Banana_576.jpg,banana,224,224
fruit_dataset\banana\Banana_577.jpg,Banana_577.jpg,banana,224,224
fruit_dataset\banana\Banana_578.jpg,Banana_578.jpg,banana,224,224
fruit_dataset\banana\Banana_579.jpg,Banana_579.jpg,banana,224,224
fruit_dataset\banana\Banana_58.jpg,Banana_58.jpg,banana,224,224
fruit_dataset\banana\Banana_580.jpg,Banana_580.jpg,banana,224,224
fruit_dataset\banana\Banana_581.jpg,Banana_581.jpg,banana,224,224
fruit_dataset\banana\Banana_582.jpg,Banana_582.jpg,banana,224,224
fruit_dataset\banana\Banana_583.png,Banana_583.png,banana,224,224
fruit_dataset\banana\Banana_584.jpg,Banana_584.jpg,banana,224,224
fruit_dataset\banana\Banana_585.jpg,Banana_585.jpg,banana,224,224
fruit_dataset\banana\Banana_586.jpg,Banana_586.jpg,banana,224,224
fruit_dataset\banana\Banana_587.jpg,Banana_587.jpg,banana,224,224
fruit_dataset\banana\Banana_588.jpg,Banana_588.jpg,banana,224,224
fruit_dataset\banana\Banana_589.jpg,Banana_589.jpg,banana,224,224
fruit_dataset\banana\Banana_59.jpg,Banana_59.jpg,banana,224,224
fruit_dataset\banana\Banana_590.jpg,Banana_590.jpg,banana,224,224
fruit_dataset\banana\Banana_591.jpg,Banana_591.jpg,banana,224,224
fruit_dataset\banana\Banana_592.jpg,Banana_592.jpg,banana,224,224
fruit_dataset\banana\Banana_593.jpg,Banana_593.jpg,banana,224,224
fruit_dataset\banana\Banana_594.jpg,Banana_594.jpg,banana,224,224
fruit_dataset\banana\Banana_595.jpg,Banana_595.jpg,banana,224,224
fruit_dataset\banana\Banana_596.jpg,Banana_596.jpg,banana,224,224
fruit_dataset\banana\Banana_597.jpg,Banana_597.jpg,banana,224,224
fruit_dataset\banana\Banana_598.jpg,Banana_598.jpg,banana,224,224
fruit_dataset\banana\Banana_599.jpg,Banana_599.jpg,banana,224,224
fruit_dataset\banana\Banana_6.jpg,Banana_6.jpg,banana,224,224
fruit_dataset\banana\Banana_60.jpg,Banana_60.jpg,banana,224,224
fruit_dataset\banana\Banana_600.jpg,Banana_600.jpg,banana,224,224
fruit_dataset\banana\Banana_601.jpg,Banana_601.jpg,banana,224,224
fruit_dataset\banana\Banana_602.jpg,Banana_602.jpg,banana,224,224
fruit_dataset\banana\Banana_603.jpg,Banana_603.jpg,banana,224,224
fruit_dataset\banana\Banana_604.jpg,Banana_604.jpg,banana,224,224
fruit_dataset\banana\Banana_605.jpg,Banana_605.jpg,banana,224,224
fruit_dataset\banana\Banana_606.jpg,Banana_606.jpg,banana,224,224
fruit_dataset\banana\Banana_607.jpg,Banana_607.jpg,banana,224,224
fruit_dataset\banana\Banana_608.jpg,Banana_608.jpg,banana,224,224
fruit_dataset\banana\Banana_609.jpeg,Banana_609.jpeg,banana,224,224
fruit_dataset\banana\Banana_61.jpg,Banana_61.jpg,banana,224,224
fruit_dataset\banana\Banana_610.jpg,Banana_610.jpg,banana,224,224
fruit_dataset\banana\Banana_611.jpg,Banana_611.jpg,banana,224,224
fruit_dataset\banana\Banana_612.jpg,Banana_612.jpg,banana,224,224
fruit_dataset\banana\Banana_613.jpg,Banana_613.jpg,banana,224,224
fruit_dataset\banana\Banana_614.jpg,Banana_614.jpg,banana,224,224
fruit_dataset\banana\Banana_615.jpg,Banana_615.jpg,banana,224,224
fruit_dataset\banana\Banana_616.jpg,Banana_616.jpg,banana,224,224
fruit_dataset\banana\Banana_617.jpg,Banana_617.jpg,banana,224,224
fruit_dataset\banana\Banana_618.jpg,Banana_618.jpg,banana,224,224
fruit_dataset\banana\Banana_619.jpeg,Banana_619.jpeg,banana,224,224
fruit_dataset\banana\Banana_62.jpg,Banana_62.jpg,banana,224,224
fruit_dataset\banana\Banana_620.png,Banana_620.png,banana,224,224
fruit_dataset\banana\Banana_621.jpg,Banana_621.jpg,banana,224,224
fruit_dataset\banana\Banana_622.jpg,Banana_622.jpg,banana,224,224
fruit_dataset\banana\Banana_623.jpg,Banana_623.jpg,banana,224,224
fruit_dataset\banana\Banana_624.jpg,Banana_624.jpg,banana,224,224
fruit_dataset\banana\Banana_625.jpg,Banana_625.jpg,banana,224,224
fruit_dataset\banana\Banana_626.jpg,Banana_626.jpg,banana,224,224
fruit_dataset\banana\Banana_627.jpg,Banana_627.jpg,banana,224,224
fruit_dataset\banana\Banana_628.jpg,Banana_628.jpg,banana,224,224
fruit_dataset\banana\Banana_629.jpg,Banana_629.jpg,banana,224,224
fruit_dataset\banana\Banana_63.jpg,Banana_63.jpg,banana,224,224
fruit_dataset\banana\Banana_630.jpg,Banana_630.jpg,banana,224,224
fruit_dataset\banana\Banana_631.png,Banana_631.png,banana,224,224
fruit_dataset\banana\Banana_632.jpg,Banana_632.jpg,banana,224,224
fruit_dataset\banana\Banana_633.jpg,Banana_633.jpg,banana,224,224
fruit_dataset\banana\Banana_634.jpg,Banana_634.jpg,banana,224,224
fruit_dataset\banana\Banana_635.jpg,Banana_635.jpg,banana,224,224
fruit_dataset\banana\Banana_636.jpg,Banana_636.jpg,banana,224,224
fruit_dataset\banana\Banana_637.jpg,Banana_637.jpg,banana,224,224
fruit_dataset\banana\Banana_638.jpg,Banana_638.jpg,banana,224,224
fruit_dataset\banana\Banana_639.jpg,Banana_639.jpg,banana,224,224
fruit_dataset\banana\Banana_64.jpg,Banana_64.jpg,banana,224,224
fruit_dataset\banana\Banana_640.png,Banana_640.png,banana,224,224
fruit_dataset\banana\Banana_641.jpg,Banana_641.jpg,banana,224,224
fruit_dataset\banana\Banana_642.jpg,Banana_642.jpg,banana,224,224
fruit_dataset\banana\Banana_643.jpg,Banana_643.jpg,banana,224,224
fruit_dataset\banana\Banana_644.jpg,Banana_644.jpg,banana,224,224
fruit_dataset\banana\Banana_645.jpg,Banana_645.jpg,banana,224,224
fruit_dataset\banana\Banana_646.jpg,Banana_646.jpg,banana,224,224
fruit_dataset\banana\Banana_647.jpg,Banana_647.jpg,banana,224,224
fruit_dataset\banana\Banana_648.jpg,Banana_648.jpg,banana,224,224
fruit_dataset\banana\Banana_649.jpg,Banana_649.jpg,banana,224,224
fruit_dataset\banana\Banana_65.jpg,Banana_65.jpg,banana,224,224
fruit_dataset\banana\Banana_650.jpg,Banana_650.jpg,banana,224,224
fruit_dataset\banana\Banana_651.jpg,Banana_651.jpg,banana,224,224
fruit_dataset\banana\Banana_652.png,Banana_652.png,banana,224,224
fruit_dataset\banana\Banana_653.jpg,Banana_653.jpg,banana,224,224
fruit_dataset\banana\Banana_654.jpg,Banana_654.jpg,banana,224,224
fruit_dataset\banana\Banana_655.jpg,Banana_655.jpg,banana,224,224
fruit_dataset\banana\Banana_656.jpg,Banana_656.jpg,banana,224,224
fruit_dataset\banana\Banana_657.jpg,Banana_657.jpg,banana,224,224
fruit_dataset\banana\Banana_658.jpg,Banana_658.jpg,banana,224,224
fruit_dataset\banana\Banana_659.jpg,Banana_659.jpg,banana,224,224
fruit_dataset\banana\Banana_66.jpg,Banana_66.jpg,banana,224,224
fruit_dataset\banana\Banana_660.jpg,Banana_660.jpg,banana,224,224
fruit_dataset\banana\Banana_661.jpg,Banana_661.jpg,banana,224,224
fruit_dataset\banana\Banana_662.jpg,Banana_662.jpg,banana,224,224
fruit_dataset\banana\Banana_663.jpg,Banana_663.jpg,banana,224,224
fruit_dataset\banana\Banana_664.jpg,Banana_664.jpg,banana,224,224
fruit_dataset\banana\Banana_665.jpg,Banana_665.jpg,banana,224,224
fruit_dataset\banana\Banana_666.jpg,Banana_666.jpg,banana,224,224
fruit_dataset\banana\Banana_667.jpg,Banana_667.jpg,banana,224,224
fruit_dataset\banana\Banana_668.jpg,Banana_668.jpg,banana,224,224
fruit_dataset\banana\Banana_669.jpg,Banana_669.jpg,banana,224,224
fruit_dataset\banana\Banana_67.png,Banana_67.png,banana,224,224
fruit_dataset\banana\Banana_670.png,Banana_670.png,banana,224,224
fruit_dataset\banana\Banana_671.jpg,Banana_671.jpg,banana,224,224
fruit_dataset\banana\Banana_672.png,Banana_672.png,banana,224,224
fruit_dataset\banana\Banana_673.jpg,Banana_673.jpg,banana,224,224
fruit_dataset\banana\Banana_674.jpg,Banana_674.jpg,banana,224,224
fruit_dataset\banana\Banana_675.jpg,Banana_675.jpg,banana,224,224
fruit_dataset\banana\Banana_676.jpg,Banana_676.jpg,banana,224,224
fruit_dataset\banana\Banana_677.jpg,Banana_677.jpg,banana,224,224
fruit_dataset\banana\Banana_678.jpg,Banana_678.jpg,banana,224,224
fruit_dataset\banana\Banana_679.jpg,Banana_679.jpg,banana,224,224
fruit_dataset\banana\Banana_68.jpg,Banana_68.jpg,banana,224,224
fruit_dataset\banana\Banana_680.jpg,Banana_680.jpg,banana,224,224
fruit_dataset\banana\Banana_681.jpg,Banana_681.jpg,banana,224,224
fruit_dataset\banana\Banana_682.jpg,Banana_682.jpg,banana,224,224
fruit_dataset\banana\Banana_683.jpg,Banana_683.jpg,banana,224,224
fruit_dataset\banana\Banana_684.jpg,Banana_684.jpg,banana,224,224
fruit_dataset\banana\Banana_685.jpg,Banana_685.jpg,banana,224,224
fruit_dataset\banana\Banana_686.jpg,Banana_686.jpg,banana,224,224
fruit_dataset\banana\Banana_687.jpg,Banana_687.jpg,banana,224,224
fruit_dataset\banana\Banana_688.jpg,Banana_688.jpg,banana,224,224
fruit_dataset\banana\Banana_689.jpg,Banana_689.jpg,banana,224,224
fruit_dataset\banana\Banana_69.jpg,Banana_69.jpg,banana,224,224
fruit_dataset\banana\Banana_690.jpg,Banana_690.jpg,banana,224,224
fruit_dataset\banana\Banana_691.jpg,Banana_691.jpg,banana,224,224
fruit_dataset\banana\Banana_692.jpg,Banana_692.jpg,banana,224,224
fruit_dataset\banana\Banana_693.jpg,Banana_693.jpg,banana,224,224
fruit_dataset\banana\Banana_694.jpg,Banana_694.jpg,banana,224,224
fruit_dataset\banana\Banana_695.jpg,Banana_695.jpg,banana,224,224
fruit_dataset\banana\Banana_696.jpg,Banana_696.jpg,banana,224,224
fruit_dataset\banana\Banana_697.jpg,Banana_697.jpg,banana,224,224
fruit_dataset\banana\Banana_698.jpg,Banana_698.jpg,banana,224,224
fruit_dataset\banana\Banana_699.jpg,Banana_699.jpg,banana,224,224
fruit_dataset\banana\Banana_7.jpg,Banana_7.jpg,banana,224,224
fruit_dataset\banana\Banana_70.jpg,Banana_70.jpg,banana,224,224
fruit_dataset\banana\Banana_700.jpg,Banana_700.jpg,banana,224,224
fruit_dataset\banana\Banana_701.jpg,Banana_701.jpg,banana,224,224
fruit_dataset\banana\Banana_702.jpg,Banana_702.jpg,banana,224,224
fruit_dataset\banana\Banana_703.jpg,Banana_703.jpg,banana,224,224
fruit_dataset\banana\Banana_704.jpg,Banana_704.jpg,banana,224,224
fruit_dataset\banana\Banana_705.jpg,Banana_705.jpg,banana,224,224
fruit_dataset\banana\Banana_706.jpg,Banana_706.jpg,banana,224,224
fruit_dataset\banana\Banana_707.jpg,Banana_707.jpg,banana,224,224
fruit_dataset\banana\Banana_708.jpg,Banana_708.jpg,banana,224,224
fruit_dataset\banana\Banana_709.jpg,Banana_709.jpg,banana,224,224
fruit_dataset\banana\Banana_71.png,Banana_71.png,banana,224,224
fruit_dataset\banana\Banana_710.jpg,Banana_710.jpg,banana,224,224
fruit_dataset\banana\Banana_711.jpg,Banana_711.jpg,banana,224,224
fruit_dataset\banana\Banana_712.jpg,Banana_712.jpg,banana,224,224
fruit_dataset\banana\Banana_713.jpg,Banana_713.jpg,banana,224,224
fruit_dataset\banana\Banana_714.jpg,Banana_714.jpg,banana,224,224
fruit_dataset\banana\Banana_715.jpg,Banana_715.jpg,banana,224,224
fruit_dataset\banana\Banana_716.jpg,Banana_716.jpg,banana,224,224
fruit_dataset\banana\Banana_717.jpg,Banana_717.jpg,banana,224,224
fruit_dataset\banana\Banana_718.jpg,Banana_718.jpg,banana,224,224
fruit_dataset\banana\Banana_719.jpg,Banana_719.jpg,banana,224,224
fruit_dataset\banana\Banana_72.jpeg,Banana_72.jpeg,banana,224,224
fruit_dataset\banana\Banana_720.jpg,Banana_720.jpg,banana,224,224
fruit_dataset\banana\Banana_721.jpg,Banana_721.jpg,banana,224,224
fruit_dataset\banana\Banana_722.jpg,Banana_722.jpg,banana,224,224
fruit_dataset\banana\Banana_723.jpg,Banana_723.jpg,banana,224,224
fruit_dataset\banana\Banana_724.jpg,Banana_724.jpg,banana,224,224
fruit_dataset\banana\Banana_725.jpg,Banana_725.jpg,banana,224,224
fruit_dataset\banana\Banana_726.jpg,Banana_726.jpg,banana,224,224
fruit_dataset\banana\Banana_727.jpg,Banana_727.jpg,banana,224,224
fruit_dataset\banana\Banana_728.jpg,Banana_728.jpg,banana,224,224
fruit_dataset\banana\Banana_729.jpg,Banana_729.jpg,banana,224,224
fruit_dataset\banana\Banana_73.png,Banana_73.png,banana,224,224
fruit_dataset\banana\Banana_730.jpg,Banana_730.jpg,banana,224,224
fruit_dataset\banana\Banana_731.jpg,Banana_731.jpg,banana,224,224
fruit_dataset\banana\Banana_732.jpg,Banana_732.jpg,banana,224,224
fruit_dataset\banana\Banana_733.jpg,Banana_733.jpg,banana,224,224
fruit_dataset\banana\Banana_734.jpg,Banana_734.jpg,banana,224,224
fruit_dataset\banana\Banana_735.jpg,Banana_735.jpg,banana,224,224
fruit_dataset\banana\Banana_736.jpg,Banana_736.jpg,banana,224,224
fruit_dataset\banana\Banana_737.jpg,Banana_737.jpg,banana,224,224
fruit_dataset\banana\Banana_738.jpg,Banana_738.jpg,banana,224,224
fruit_dataset\banana\Banana_739.jpg,Banana_739.jpg,banana,224,224
fruit_dataset\banana\Banana_74.jpg,Banana_74.jpg,banana,224,224
fruit_dataset\banana\Banana_740.jpg,Banana_740.jpg,banana,224,224
fruit_dataset\banana\Banana_741.jpg,Banana_741.jpg,banana,224,224
fruit_dataset\banana\Banana_742.jpg,Banana_742.jpg,banana,224,224
fruit_dataset\banana\Banana_743.png,Banana_743.png,banana,224,224
fruit_dataset\banana\Banana_744.jpg,Banana_744.jpg,banana,224,224
fruit_dataset\banana\Banana_745.jpg,Banana_745.jpg,banana,224,224
fruit_dataset\banana\Banana_746.jpg,Banana_746.jpg,banana,224,224
fruit_dataset\banana\Banana_747.jpg,Banana_747.jpg,banana,224,224
fruit_dataset\banana\Banana_748.jpg,Banana_748.jpg,banana,224,224
fruit_dataset\banana\Banana_749.jpg,Banana_749.jpg,banana,224,224
fruit_dataset\banana\Banana_75.jpeg,Banana_75.jpeg,banana,224,224
fruit_dataset\banana\Banana_750.jpg,Banana_750.jpg,banana,224,224
fruit_dataset\banana\Banana_751.jpg,Banana_751.jpg,banana,224,224
fruit_dataset\banana\Banana_752.jpg,Banana_752.jpg,banana,224,224
fruit_dataset\banana\Banana_753.jpg,Banana_753.jpg,banana,224,224
fruit_dataset\banana\Banana_754.jpg,Banana_754.jpg,banana,224,224
fruit_dataset\banana\Banana_755.jpg,Banana_755.jpg,banana,224,224
fruit_dataset\banana\Banana_756.jpg,Banana_756.jpg,banana,224,224
fruit_dataset\banana\Banana_757.jpg,Banana_757.jpg,banana,224,224
fruit_dataset\banana\Banana_758.jpg,Banana_758.jpg,banana,224,224
fruit_dataset\banana\Banana_759.jpg,Banana_759.jpg,banana,224,224
fruit_dataset\banana\Banana_76.jpg,Banana_76.jpg,banana,224,224
fruit_dataset\banana\Banana_760.jpg,Banana_760.jpg,banana,224,224
fruit_dataset\banana\Banana_761.jpg,Banana_761.jpg,banana,224,224
fruit_dataset\banana\Banana_762.jpg,Banana_762.jpg,banana,224,224
fruit_dataset\banana\Banana_763.jpg,Banana_763.jpg,banana,224,224
fruit_dataset\banana\Banana_764.jpg,Banana_764.jpg,banana,224,224
fruit_dataset\banana\Banana_765.jpg,Banana_765.jpg,banana,224,224
fruit_dataset\banana\Banana_766.jpg,Banana_766.jpg,banana,224,224
fruit_dataset\banana\Banana_767.jpg,Banana_767.jpg,banana,224,224
fruit_dataset\banana\Banana_768.jpg,Banana_768.jpg,banana,224,224
fruit_dataset\banana\Banana_769.jpg,Banana_769.jpg,banana,224,224
fruit_dataset\banana\Banana_77.jpg,Banana_77.jpg,banana,224,224
fruit_dataset\banana\Banana_770.jpg,Banana_770.jpg,banana,224,224
fruit_dataset\banana\Banana_771.jpg,Banana_771.jpg,banana,224,224
fruit_dataset\banana\Banana_772.jpg,Banana_772.jpg,banana,224,224
fruit_dataset\banana\Banana_773.jpg,Banana_773.jpg,banana,224,224
fruit_dataset\banana\Banana_774.jpg,Banana_774.jpg,banana,224,224
fruit_dataset\banana\Banana_775.jpg,Banana_775.jpg,banana,224,224
fruit_dataset\banana\Banana_776.jpg,Banana_776.jpg,banana,224,224
fruit_dataset\banana\Banana_777.jpg,Banana_777.jpg,banana,224,224
fruit_dataset\banana\Banana_778.jpg,Banana_778.jpg,banana,224,224
fruit_dataset\banana\Banana_779.jpg,Banana_779.jpg,banana,224,224
fruit_dataset\banana\Banana_78.jpg,Banana_78.jpg,banana,224,224
fruit_dataset\banana\Banana_780.jpg,Banana_780.jpg,banana,224,224
fruit_dataset\banana\Banana_781.jpg,Banana_781.jpg,banana,224,224
fruit_dataset\banana\Banana_782.jpg,Banana_782.jpg,banana,224,224
fruit_dataset\banana\Banana_783.jpg,Banana_783.jpg,banana,224,224
fruit_dataset\banana\Banana_784.png,Banana_784.png,banana,224,224
fruit_dataset\banana\Banana_785.jpeg,Banana_785.jpeg,banana,224,224
fruit_dataset\banana\Banana_786.jpg,Banana_786.jpg,banana,224,224
fruit_dataset\banana\Banana_787.jpg,Banana_787.jpg,banana,224,224
fruit_dataset\banana\Banana_788.jpg,Banana_788.jpg,banana,224,224
fruit_dataset\banana\Banana_789.jpg,Banana_789.jpg,banana,224,224
fruit_dataset\banana\Banana_79.jpg,Banana_79.jpg,banana,224,224
fruit_dataset\banana\Banana_790.jpeg,Banana_790.jpeg,banana,224,224
fruit_dataset\banana\Banana_791.jpg,Banana_791.jpg,banana,224,224
fruit_dataset\banana\Banana_792.png,Banana_792.png,banana,224,224
fruit_dataset\banana\Banana_793.jpg,Banana_793.jpg,banana,224,224
fruit_dataset\banana\Banana_794.jpg,Banana_794.jpg,banana,224,224
fruit_dataset\banana\Banana_795.jpg,Banana_795.jpg,banana,224,224
fruit_dataset\banana\Banana_796.jpeg,Banana_796.jpeg,banana,224,224
fruit_dataset\banana\Banana_797.jpg,Banana_797.jpg,banana,224,224
fruit_dataset\banana\Banana_798.jpg,Banana_798.jpg,banana,224,224
fruit_dataset\banana\Banana_799.jpg,Banana_799.jpg,banana,224,224
fruit_dataset\banana\Banana_8.jpg,Banana_8.jpg,banana,224,224
fruit_dataset\banana\Banana_80.png,Banana_80.png,banana,224,224
fruit_dataset\banana\Banana_800.jpg,Banana_800.jpg,banana,224,224
fruit_dataset\banana\Banana_801.jpg,Banana_801.jpg,banana,224,224
fruit_dataset\banana\Banana_802.jpg,Banana_802.jpg,banana,224,224
fruit_dataset\banana\Banana_803.jpg,Banana_803.jpg,banana,224,224
fruit_dataset\banana\Banana_804.jpg,Banana_804.jpg,banana,224,224
fruit_dataset\banana\Banana_805.jpg,Banana_805.jpg,banana,224,224
fruit_dataset\banana\Banana_806.jpg,Banana_806.jpg,banana,224,224
fruit_dataset\banana\Banana_807.jpg,Banana_807.jpg,banana,224,224
fruit_dataset\banana\Banana_808.jpg,Banana_808.jpg,banana,224,224
fruit_dataset\banana\Banana_809.jpg,Banana_809.jpg,banana,224,224
fruit_dataset\banana\Banana_81.jpg,Banana_81.jpg,banana,224,224
fruit_dataset\banana\Banana_810.jpg,Banana_810.jpg,banana,224,224
fruit_dataset\banana\Banana_811.jpg,Banana_811.jpg,banana,224,224
fruit_dataset\banana\Banana_812.jpg,Banana_812.jpg,banana,224,224
fruit_dataset\banana\Banana_813.jpg,Banana_813.jpg,banana,224,224
fruit_dataset\banana\Banana_814.jpg,Banana_814.jpg,banana,224,224
fruit_dataset\banana\Banana_815.png,Banana_815.png,banana,224,224
fruit_dataset\banana\Banana_816.jpg,Banana_816.jpg,banana,224,224
fruit_dataset\banana\Banana_817.jpg,Banana_817.jpg,banana,224,224
fruit_dataset\banana\Banana_818.jpg,Banana_818.jpg,banana,224,224
fruit_dataset\banana\Banana_819.jpeg,Banana_819.jpeg,banana,224,224
fruit_dataset\banana\Banana_82.jpg,Banana_82.jpg,banana,224,224
fruit_dataset\banana\Banana_820.jpg,Banana_820.jpg,banana,224,224
fruit_dataset\banana\Banana_821.jpg,Banana_821.jpg,banana,224,224
fruit_dataset\banana\Banana_822.jpeg,Banana_822.jpeg,banana,224,224
fruit_dataset\banana\Banana_823.jpeg,Banana_823.jpeg,banana,224,224
fruit_dataset\banana\Banana_824.jpg,Banana_824.jpg,banana,224,224
fruit_dataset\banana\Banana_825.jpg,Banana_825.jpg,banana,224,224
fruit_dataset\banana\Banana_826.jpg,Banana_826.jpg,banana,224,224
fruit_dataset\banana\Banana_827.jpg,Banana_827.jpg,banana,224,224
fruit_dataset\banana\Banana_828.jpg,Banana_828.jpg,banana,224,224
fruit_dataset\banana\Banana_829.jpg,Banana_829.jpg,banana,224,224
fruit_dataset\banana\Banana_83.jpg,Banana_83.jpg,banana,224,224
fruit_dataset\banana\Banana_830.jpg,Banana_830.jpg,banana,224,224
fruit_dataset\banana\Banana_831.jpg,Banana_831.jpg,banana,224,224
fruit_dataset\banana\Banana_832.jpg,Banana_832.jpg,banana,224,224
fruit_dataset\banana\Banana_833.jpg,Banana_833.jpg,banana,224,224
fruit_dataset\banana\Banana_834.jpg,Banana_834.jpg,banana,224,224
fruit_dataset\banana\Banana_835.jpg,Banana_835.jpg,banana,224,224
fruit_dataset\banana\Banana_836.jpg,Banana_836.jpg,banana,224,224
fruit_dataset\banana\Banana_837.jpeg,Banana_837.jpeg,banana,224,224
fruit_dataset\banana\Banana_838.jpg,Banana_838.jpg,banana,224,224
fruit_dataset\banana\Banana_839.jpg,Banana_839.jpg,banana,224,224
fruit_dataset\banana\Banana_84.jpg,Banana_84.jpg,banana,224,224
fruit_dataset\banana\Banana_840.jpg,Banana_840.jpg,banana,224,224
fruit_dataset\banana\Banana_841.jpg,Banana_841.jpg,banana,224,224
fruit_dataset\banana\Banana_842.jpg,Banana_842.jpg,banana,224,224
fruit_dataset\banana\Banana_843.jpg,Banana_843.jpg,banana,224,224
fruit_dataset\banana\Banana_844.jpg,Banana_844.jpg,banana,224,224
fruit_dataset\banana\Banana_845.jpg,Banana_845.jpg,banana,224,224
fruit_dataset\banana\Banana_846.jpg,Banana_846.jpg,banana,224,224
fruit_dataset\banana\Banana_847.jpg,Banana_847.jpg,banana,224,224
fruit_dataset\banana\Banana_848.jpg,Banana_848.jpg,banana,224,224
fruit_dataset\banana\Banana_849.jpg,Banana_849.jpg,banana,224,224
fruit_dataset\banana\Banana_85.png,Banana_85.png,banana,224,224
fruit_dataset\banana\Banana_850.jpg,Banana_850.jpg,banana,224,224
fruit_dataset\banana\Banana_851.jpg,Banana_851.jpg,banana,224,224
fruit_dataset\banana\Banana_852.jpg,Banana_852.jpg,banana,224,224
fruit_dataset\banana\Banana_853.jpg,Banana_853.jpg,banana,224,224
fruit_dataset\banana\Banana_854.jpg,Banana_854.jpg,banana,224,224
fruit_dataset\banana\Banana_855.jpg,Banana_855.jpg,banana,224,224
fruit_dataset\banana\Banana_856.jpg,Banana_856.jpg,banana,224,224
fruit_dataset\banana\Banana_857.jpg,Banana_857.jpg,banana,224,224
fruit_dataset\banana\Banana_858.jpg,Banana_858.jpg,banana,224,224
fruit_dataset\banana\Banana_859.jpg,Banana_859.jpg,banana,224,224
fruit_dataset\banana\Banana_86.jpg,Banana_86.jpg,banana,224,224
fruit_dataset\banana\Banana_860.jpg,Banana_860.jpg,banana,224,224
fruit_dataset\banana\Banana_861.jpg,Banana_861.jpg,banana,224,224
fruit_dataset\banana\Banana_862.jpg,Banana_862.jpg,banana,224,224
fruit_dataset\banana\Banana_863.jpg,Banana_863.jpg,banana,224,224
fruit_dataset\banana\Banana_864.jpg,Banana_864.jpg,banana,224,224
fruit_dataset\banana\Banana_865.jpg,Banana_865.jpg,banana,224,224
fruit_dataset\banana\Banana_866.jpg,Banana_866.jpg,banana,224,224
fruit_dataset\banana\Banana_867.jpg,Banana_867.jpg,banana,224,224
fruit_dataset\banana\Banana_868.jpg,Banana_868.jpg,banana,224,224
fruit_dataset\banana\Banana_869.jpg,Banana_869.jpg,banana,224,224
fruit_dataset\banana\Banana_87.jpg,Banana_87.jpg,banana,224,224
fruit_dataset\banana\Banana_870.jpg,Banana_870.jpg,banana,224,224
fruit_dataset\banana\Banana_871.jpg,Banana_871.jpg,banana,224,224
fruit_dataset\banana\Banana_872.png,Banana_872.png,banana,224,224
fruit_dataset\banana\Banana_873.jpg,Banana_873.jpg,banana,224,224
fruit_dataset\banana\Banana_874.jpg,Banana_874.jpg,banana,224,224
fruit_dataset\banana\Banana_875.png,Banana_875.png,banana,224,224
fruit_dataset\banana\Banana_876.jpg,Banana_876.jpg,banana,224,224
fruit_dataset\banana\Banana_877.jpg,Banana_877.jpg,banana,224,224
fruit_dataset\banana\Banana_878.jpg,Banana_878.jpg,banana,224,224
fruit_dataset\banana\Banana_879.jpeg,Banana_879.jpeg,banana,224,224
fruit_dataset\banana\Banana_88.jpg,Banana_88.jpg,banana,224,224
fruit_dataset\banana\Banana_880.jpeg,Banana_880.jpeg,banana,224,224
fruit_dataset\banana\Banana_881.jpg,Banana_881.jpg,banana,224,224
fruit_dataset\banana\Banana_882.jpg,Banana_882.jpg,banana,224,224
fruit_dataset\banana\Banana_883.jpg,Banana_883.jpg,banana,224,224
fruit_dataset\banana\Banana_884.jpg,Banana_884.jpg,banana,224,224
fruit_dataset\banana\Banana_885.jpg,Banana_885.jpg,banana,224,224
fruit_dataset\banana\Banana_886.jpg,Banana_886.jpg,banana,224,224
fruit_dataset\banana\Banana_887.jpg,Banana_887.jpg,banana,224,224
fruit_dataset\banana\Banana_888.jpg,Banana_888.jpg,banana,224,224
fruit_dataset\banana\Banana_889.jpg,Banana_889.jpg,banana,224,224
fruit_dataset\banana\Banana_89.jpg,Banana_89.jpg,banana,224,224
fruit_dataset\banana\Banana_890.jpg,Banana_890.jpg,banana,224,224
fruit_dataset\banana\Banana_891.jpg,Banana_891.jpg,banana,224,224
fruit_dataset\banana\Banana_892.jpg,Banana_892.jpg,banana,224,224
fruit_dataset\banana\Banana_893.jpg,Banana_893.jpg,banana,224,224
fruit_dataset\banana\Banana_894.jpg,Banana_894.jpg,banana,224,224
fruit_dataset\banana\Banana_895.jpg,Banana_895.jpg,banana,224,224
fruit_dataset\banana\Banana_896.jpg,Banana_896.jpg,banana,224,224
fruit_dataset\banana\Banana_897.jpg,Banana_897.jpg,banana,224,224
fruit_dataset\banana\Banana_898.jpg,Banana_898.jpg,banana,224,224
fruit_dataset\banana\Banana_899.jpg,Banana_899.jpg,banana,224,224
fruit_dataset\banana\Banana_9.jpg,Banana_9.jpg,banana,224,224
fruit_dataset\banana\Banana_90.jpg,Banana_90.jpg,banana,224,224
fruit_dataset\banana\Banana_900.jpg,Banana_900.jpg,banana,224,224
fruit_dataset\banana\Banana_901.jpg,Banana_901.jpg,banana,224,224
fruit_dataset\banana\Banana_902.jpg,Banana_902.jpg,banana,224,224
fruit_dataset\banana\Banana_903.jpg,Banana_903.jpg,banana,224,224
fruit_dataset\banana\Banana_904.jpg,Banana_904.jpg,banana,224,224
fruit_dataset\banana\Banana_905.jpg,Banana_905.jpg,banana,224,224
fruit_dataset\banana\Banana_906.jpg,Banana_906.jpg,banana,224,224
fruit_dataset\banana\Banana_907.jpg,Banana_907.jpg,banana,224,224
fruit_dataset\banana\Banana_908.jpg,Banana_908.jpg,banana,224,224
fruit_dataset\banana\Banana_909.jpg,Banana_909.jpg,banana,224,224
fruit_dataset\banana\Banana_91.jpg,Banana_91.jpg,banana,224,224
fruit_dataset\banana\Banana_910.jpg,Banana_910.jpg,banana,224,224
fruit_dataset\banana\Banana_911.jpg,Banana_911.jpg,banana,224,224
fruit_dataset\banana\Banana_912.jpg,Banana_912.jpg,banana,224,224
fruit_dataset\banana\Banana_913.jpg,Banana_913.jpg,banana,224,224
fruit_dataset\banana\Banana_914.jpg,Banana_914.jpg,banana,224,224
fruit_dataset\banana\Banana_915.jpg,Banana_915.jpg,banana,224,224
fruit_dataset\banana\Banana_916.jpg,Banana_916.jpg,banana,224,224
fruit_dataset\banana\Banana_917.jpg,Banana_917.jpg,banana,224,224
fruit_dataset\banana\Banana_918.jpg,Banana_918.jpg,banana,224,224
fruit_dataset\banana\Banana_919.jpg,Banana_919.jpg,banana,224,224
fruit_dataset\banana\Banana_92.jpg,Banana_92.jpg,banana,224,224
fruit_dataset\banana\Banana_920.jpg,Banana_920.jpg,banana,224,224
fruit_dataset\banana\Banana_921.jpg,Banana_921.jpg,banana,224,224
fruit_dataset\banana\Banana_922.jpg,Banana_922.jpg,banana,224,224
fruit_dataset\banana\Banana_923.jpg,Banana_923.jpg,banana,224,224
fruit_dataset\banana\Banana_924.jpg,Banana_924.jpg,banana,224,224
fruit_dataset\banana\Banana_925.jpg,Banana_925.jpg,banana,224,224
fruit_dataset\banana\Banana_926.jpg,Banana_926.jpg,banana,224,224
fruit_dataset\banana\Banana_927.jpg,Banana_927.jpg,banana,224,224
fruit_dataset\banana\Banana_928.jpg,Banana_928.jpg,banana,224,224
fruit_dataset\banana\Banana_929.jpg,Banana_929.jpg,banana,224,224
fruit_dataset\banana\Banana_93.jpg,Banana_93.jpg,banana,224,224
fruit_dataset\banana\Banana_930.jpg,Banana_930.jpg,banana,224,224
fruit_dataset\banana\Banana_931.jpg,Banana_931.jpg,banana,224,224
fruit_dataset\banana\Banana_932.jpg,Banana_932.jpg,banana,224,224
fruit_dataset\banana\Banana_933.jpg,Banana_933.jpg,banana,224,224
fruit_dataset\banana\Banana_934.jpg,Banana_934.jpg,banana,224,224
fruit_dataset\banana\Banana_935.jpg,Banana_935.jpg,banana,224,224
fruit_dataset\banana\Banana_936.jpg,Banana_936.jpg,banana,224,224
fruit_dataset\banana\Banana_937.jpg,Banana_937.jpg,banana,224,224
fruit_dataset\banana\Banana_938.jpg,Banana_938.jpg,banana,224,224
fruit_dataset\banana\Banana_939.jpg,Banana_939.jpg,banana,224,224
fruit_dataset\banana\Banana_94.jpg,Banana_94.jpg,banana,224,224
fruit_dataset\banana\Banana_940.jpg,Banana_940.jpg,banana,224,224
fruit_dataset\banana\Banana_941.jpg,Banana_941.jpg,banana,224,224
fruit_dataset\banana\Banana_942.jpg,Banana_942.jpg,banana,224,224
fruit_dataset\banana\Banana_943.jpg,Banana_943.jpg,banana,224,224
fruit_dataset\banana\Banana_944.jpg,Banana_944.jpg,banana,224,224
fruit_dataset\banana\Banana_945.jpg,Banana_945.jpg,banana,224,224
fruit_dataset\banana\Banana_946.jpg,Banana_946.jpg,banana,224,224
fruit_dataset\banana\Banana_947.jpg,Banana_947.jpg,banana,224,224
fruit_dataset\banana\Banana_948.jpg,Banana_948.jpg,banana,224,224
fruit_dataset\banana\Banana_949.jpg,Banana_949.jpg,banana,224,224
fruit_dataset\banana\Banana_95.jpeg,Banana_95.jpeg,banana,224,224
fruit_dataset\banana\Banana_950.jpg,Banana_950.jpg,banana,224,224
fruit_dataset\banana\Banana_951.jpg,Banana_951.jpg,banana,224,224
fruit_dataset\banana\Banana_952.jpg,Banana_952.jpg,banana,224,224
fruit_dataset\banana\Banana_953.jpg,Banana_953.jpg,banana,224,224
fruit_dataset\banana\Banana_954.jpg,Banana_954.jpg,banana,224,224
fruit_dataset\banana\Banana_955.jpg,Banana_955.jpg,banana,224,224
fruit_dataset\banana\Banana_956.jpg,Banana_956.jpg,banana,224,224
fruit_dataset\banana\Banana_957.jpg,Banana_957.jpg,banana,224,224
fruit_dataset\banana\Banana_958.jpg,Banana_958.jpg,banana,224,224
fruit_dataset\banana\Banana_959.jpg,Banana_959.jpg,banana,224,224
fruit_dataset\banana\Banana_96.png,Banana_96.png,banana,224,224
fruit_dataset\banana\Banana_960.jpg,Banana_960.jpg,banana,224,224
fruit_dataset\banana\Banana_961.jpg,Banana_961.jpg,banana,224,224
fruit_dataset\banana\Banana_962.jpg,Banana_962.jpg,banana,224,224
fruit_dataset\banana\Banana_963.jpg,Banana_963.jpg,banana,224,224
fruit_dataset\banana\Banana_964.jpg,Banana_964.jpg,banana,224,224
fruit_dataset\banana\Banana_965.jpg,Banana_965.jpg,banana,224,224
fruit_dataset\banana\Banana_966.jpg,Banana_966.jpg,banana,224,224
fruit_dataset\banana\Banana_967.jpg,Banana_967.jpg,banana,224,224
fruit_dataset\banana\Banana_968.jpg,Banana_968.jpg,banana,224,224
fruit_dataset\banana\Banana_969.jpg,Banana_969.jpg,banana,224,224
fruit_dataset\banana\Banana_97.jpg,Banana_97.jpg,banana,224,224
fruit_dataset\banana\Banana_970.jpg,Banana_970.jpg,banana,224,224
fruit_dataset\banana\Banana_971.jpg,Banana_971.jpg,banana,224,224
fruit_dataset\banana\Banana_972.jpg,Banana_972.jpg,banana,224,224
fruit_dataset\banana\Banana_973.jpg,Banana_973.jpg,banana,224,224
fruit_dataset\banana\Banana_974.jpg,Banana_974.jpg,banana,224,224
fruit_dataset\banana\Banana_975.jpg,Banana_975.jpg,banana,224,224
fruit_dataset\banana\Banana_976.jpg,Banana_976.jpg,banana,224,224
fruit_dataset\banana\Banana_977.jpg,Banana_977.jpg,banana,224,224
fruit_dataset\banana\Banana_978.jpg,Banana_978.jpg,banana,224,224
fruit_dataset\banana\Banana_979.jpg,Banana_979.jpg,banana,224,224
fruit_dataset\banana\Banana_98.jpg,Banana_98.jpg,banana,224,224
fruit_dataset\banana\Banana_980.jpg,Banana_980.jpg,banana,224,224
fruit_dataset\banana\Banana_981.jpg,Banana_981.jpg,banana,224,224
fruit_dataset\banana\Banana_982.jpg,Banana_982.jpg,banana,224,224
fruit_dataset\banana\Banana_983.jpg,Banana_983.jpg,banana,224,224
fruit_dataset\banana\Banana_984.jpg,Banana_984.jpg,banana,224,224
fruit_dataset\banana\Banana_985.jpg,Banana_985.jpg,banana,224,224
fruit_dataset\banana\Banana_986.jpg,Banana_986.jpg,banana,224,224
fruit_dataset\banana\Banana_987.jpg,Banana_987.jpg,banana,224,224
fruit_dataset\banana\Banana_988.jpg,Banana_988.jpg,banana,224,224
fruit_dataset\banana\Banana_989.jpg,Banana_989.jpg,banana,224,224
fruit_dataset\banana\Banana_99.jpg,Banana_99.jpg,banana,224,224
fruit_dataset\banana\Banana_990.jpg,Banana_990.jpg,banana,224,224
fruit_dataset\banana\Banana_991.jpg,Banana_991.jpg,banana,224,224
fruit_dataset\banana\Banana_992.jpg,Banana_992.jpg,banana,224,224
fruit_dataset\banana\Banana_993.jpg,Banana_993.jpg,banana,224,224
fruit_dataset\banana\Banana_994.jpg,Banana_994.jpg,banana,224,224
fruit_dataset\banana\Banana_995.jpg,Banana_995.jpg,banana,224,224
fruit_dataset\banana\Banana_996.jpg,Banana_996.jpg,banana,224,224
fruit_dataset\banana\Banana_997.jpg,Banana_997.jpg,banana,224,224
fruit_dataset\banana\Banana_998.jpg,Banana_998.jpg,banana,224,224
fruit_dataset\banana\Banana_999.jpg,Banana_999.jpg,banana,224,224
